relation_group_id,olympiad_family,year,stage_or_round,document_type,num_variants,canonical_filename,relation_summary
rg_0001,czech_astronomy,2020,regional,info,2,2020--czech-astronomy--regional--info--cs--priloha-zobrazit-application-kb--official.pdf,exact_duplicate:1
rg_0002,czech_astronomy,2020,regional,solutions,8,2020--czech-astronomy--regional--solutions--cs--reseni-zobrazit-application-mb--official.pdf,"exact_duplicate:4, possible_duplicate:20, source_variant:4"
rg_0003,czech_astronomy,2021,final,solutions,12,2021--czech-astronomy--final--solutions--cs--reseni-zobrazit-application-mb--official.pdf,"exact_duplicate:6, possible_duplicate:44, source_variant:16"
rg_0004,czech_astronomy,2021,regional,solutions,8,2021--czech-astronomy--regional--solutions--cs--reseni-zobrazit-application-kb--official-v4.pdf,"exact_duplicate:4, possible_duplicate:12, source_variant:12"
rg_0005,czech_astronomy,2021,school,solutions,8,2021--czech-astronomy--school--solutions--cs--reseni-zobrazit-application-mb--official-v2.pdf,"exact_duplicate:4, possible_duplicate:20, source_variant:4"
rg_0006,czech_astronomy,2022,final,solutions,12,2022--czech-astronomy--final--solutions--cs--data-analysis--official-v2.pdf,"exact_duplicate:6, possible_duplicate:36, source_variant:24"
rg_0007,czech_astronomy,2022,regional,solutions,8,2022--czech-astronomy--regional--solutions--cs--reseni-zobrazit-application-mb--official-v2.pdf,"exact_duplicate:4, possible_duplicate:16, source_variant:8"
rg_0008,czech_astronomy,2022,school,solutions,2,2022--czech-astronomy--school--solutions--cs--reseni-zobrazit-application-kb--official.pdf,exact_duplicate:1
rg_0009,czech_astronomy,2023,final,solutions,12,2023--czech-astronomy--final--solutions--cs--data-analysis--official-v2.pdf,"exact_duplicate:6, possible_duplicate:48, source_variant:12"
rg_0010,czech_astronomy,2023,regional,solutions,8,2023--czech-astronomy--regional--solutions--cs--reseni-zobrazit-application-kb--official-v4.pdf,"exact_duplicate:4, source_variant:24"
rg_0011,czech_astronomy,2023,school,solutions,8,2023--czech-astronomy--school--solutions--cs--reseni-zobrazit-application-mb--official.pdf,"exact_duplicate:4, possible_duplicate:20, source_variant:4"
rg_0012,czech_astronomy,2024,final,solutions,12,2024--czech-astronomy--final--solutions--cs--theory--official.pdf,"exact_duplicate:6, possible_duplicate:56, source_variant:4"
rg_0013,czech_astronomy,2024,regional,solutions,8,2024--czech-astronomy--regional--solutions--cs--reseni-zobrazit-application-mb--official.pdf,"exact_duplicate:4, possible_duplicate:16, source_variant:8"
rg_0014,czech_astronomy,2024,school,solutions,8,2024--czech-astronomy--school--solutions--cs--reseni-zobrazit-application-mb--official.pdf,"exact_duplicate:4, possible_duplicate:16, source_variant:8"
rg_0015,czech_astronomy,2025,final,solutions,12,2025--czech-astronomy--final--solutions--cs--reseni-zobrazit-application-mb--official.pdf,"exact_duplicate:6, possible_duplicate:52, source_variant:4"
rg_0016,czech_astronomy,2025,regional,solutions,8,2025--czech-astronomy--regional--solutions--cs--reseni-zobrazit-application-mb--official.pdf,"exact_duplicate:4, possible_duplicate:8, source_variant:16"
rg_0017,czech_astronomy,2025,school,solutions,8,2025--czech-astronomy--school--solutions--cs--reseni-zobrazit-application-mb--official.pdf,"exact_duplicate:4, possible_duplicate:16, source_variant:8"
rg_0018,mao,2010,final,solutions,5,2010--mao--final--solutions--ru--grade-10-11--archive-combined-v2.pdf,"partial_overlap:6, source_variant:4"
rg_0019,mao,2010,final,tasks,5,2010--mao--final--tasks--ru--grade-5-7--archive.pdf,"possible_duplicate:3, source_variant:7"
rg_0020,mao,2010,qualifying,solutions,2,2010--mao--qualifying--solutions--ru--grade-10-11--selection--archive-combined.pdf,source_variant:1
rg_0021,mao,2010,qualifying,tasks,2,2010--mao--qualifying--tasks--ru--grade-5-9--selection--archive.pdf,source_variant:1
rg_0022,mao,2011,qualifying,tasks,4,2011--mao--qualifying--tasks--ru--grade-4--selection--archive.pdf,source_variant:6
rg_0023,mao,2011,final,solutions,4,2011--mao--final--solutions--ru--grade-8-9--archive-combined.pdf,source_variant:6
rg_0024,mao,2012,final,solutions,3,2012--mao--final--solutions--ru--grade-8-9--archive-combined.pdf,source_variant:3
rg_0025,mao,2011,final,tasks,4,2011--mao--final--tasks--ru--grade-10--archive.pdf,source_variant:6
rg_0026,mao,2012,final,tasks,3,2012--mao--final--tasks--ru--grade-10-11--archive.pdf,source_variant:3
rg_0027,mao,2012,qualifying,solutions,9,2012--mao--qualifying--solutions--ru--grade-9-11--selection--archive-combined.pdf,"partial_overlap:3, source_variant:33"
rg_0028,mao,2012,qualifying,tasks,9,2012--mao--qualifying--tasks--ru--grade-5-6--selection--archive.pdf,"possible_duplicate:4, source_variant:32"
rg_0029,mao,2014,final,solutions,4,2014--mao--final--solutions--ru--grade-10-11--archive-combined.pdf,source_variant:6
rg_0030,mao,2014,final,tasks,4,2014--mao--final--tasks--ru--grade-6-7--archive.pdf,source_variant:6
rg_0031,mao,2015,observational,tasks,2,2015--mao--observational--tasks--ru--grade-10-11--practical--archive.pdf,source_variant:1
rg_0032,mao,2015,qualifying,solutions,7,2015--mao--qualifying--solutions--ru--grade-11--distance--archive-combined.pdf,source_variant:21
rg_0033,mao,2015,qualifying,tasks,7,2015--mao--qualifying--tasks--ru--grade-11--distance--archive.pdf,source_variant:21
rg_0034,mao,2015,theoretical,solutions,4,2015--mao--theoretical--solutions--ru--grade-10-11--theory--archive-combined.pdf,"partial_overlap:3, source_variant:3"
rg_0035,mao,2015,theoretical,tasks,4,2015--mao--theoretical--tasks--ru--grade-6-7--theory--archive.pdf,"possible_duplicate:2, source_variant:4"
rg_0036,mao,2016,observational,solutions,3,2016--mao--observational--solutions--ru--grade-8-11--practical--official-combined.pdf,"partial_overlap:2, source_variant:1"
rg_0037,mao,2016,observational,tasks,4,2016--mao--observational--tasks--ru--grade-10-11--practical--official.pdf,"possible_duplicate:4, source_variant:2"
rg_0038,mao,2016,qualifying,solutions,2,2016--mao--qualifying--solutions--ru--grade-8-11--selection--archive-combined.pdf,source_variant:1
rg_0039,mao,2016,qualifying,tasks,2,2016--mao--qualifying--tasks--ru--grade-8-11--selection--archive.pdf,source_variant:1
rg_0040,mao,2016,theoretical,solutions,8,2016--mao--theoretical--solutions--ru--grade-10-11--theory--official-combined.pdf,"partial_overlap:15, source_variant:13"
rg_0041,mao,2016,theoretical,tasks,8,2016--mao--theoretical--tasks--ru--grade-6-7--theory--official.pdf,"possible_duplicate:14, source_variant:12"
rg_0042,mao,2017,observational,solutions,3,2017--mao--observational--solutions--ru--grade-10-11--observational--official-combined.pdf,"partial_overlap:2, source_variant:1"
rg_0043,mao,2017,qualifying,solutions,4,2017--mao--qualifying--solutions--ru--grade-10-11--selection--archive-combined.pdf,source_variant:6
rg_0044,mao,2017,qualifying,tasks,4,2017--mao--qualifying--tasks--ru--grade-10-11--selection--archive.pdf,source_variant:6
rg_0045,mao,2017,theoretical,solutions,8,2017--mao--theoretical--solutions--ru--grade-10-11--official-combined.pdf,"partial_overlap:17, source_variant:11"
rg_0046,mao,2017,theoretical,tasks,8,2017--mao--theoretical--tasks--ru--grade-6-7--official.pdf,"possible_duplicate:7, source_variant:9"
rg_0047,mao,2018,observational,solutions,3,2018--mao--observational--solutions--ru--grade-8-11--observational--official-combined.pdf,partial_overlap:3
rg_0048,mao,2018,observational,tasks,2,2018--mao--observational--tasks--ru--grade-8-11--observational--official.pdf,possible_duplicate:1
rg_0049,mao,2018,qualifying,solutions,8,2018--mao--qualifying--solutions--ru--grade-8-9--archive-combined.pdf,source_variant:28
rg_0050,mao,2018,qualifying,tasks,8,2018--mao--qualifying--tasks--ru--grade-6-7--archive.pdf,source_variant:28
rg_0051,mao,2018,theoretical,solutions,4,2018--mao--theoretical--solutions--ru--grade-10-11--theory--archive-combined.pdf,source_variant:6
rg_0052,mao,2018,theoretical,tasks,8,2018--mao--theoretical--tasks--ru--grade-10-11--official.pdf,"possible_duplicate:10, source_variant:10"
rg_0053,mao,2019,observational,tasks,4,2019--mao--observational--tasks--ru--grade-8-11--official.pdf,"possible_duplicate:3, source_variant:3"
rg_0054,mao,2019,qualifying,solutions,8,2019--mao--qualifying--solutions--ru--grade-10-11--archive-combined.pdf,"partial_overlap:16, source_variant:12"
rg_0055,mao,2019,qualifying,tasks,8,2019--mao--qualifying--tasks--ru--grade-10-11--archive.pdf,"possible_duplicate:16, source_variant:12"
rg_0056,mao,2019,theoretical,solutions,8,2019--mao--theoretical--solutions--ru--grade-10-11--theory--official-combined.pdf,"partial_overlap:18, source_variant:10"
rg_0057,mao,2019,theoretical,tasks,8,2019--mao--theoretical--tasks--ru--grade-10-11--theory--official.pdf,"possible_duplicate:12, source_variant:8"
rg_0058,mao,2020,observational,tasks,3,2020--mao--observational--tasks--ru--grade-8-11--official.pdf,possible_duplicate:2
rg_0059,mao,2020,qualifying,solutions,8,2020--mao--qualifying--solutions--ru--grade-10-11--selection--archive-combined.pdf,"partial_overlap:16, source_variant:12"
rg_0060,mao,2020,qualifying,tasks,8,2020--mao--qualifying--tasks--ru--grade-8-9--selection--archive.pdf,"possible_duplicate:16, source_variant:12"
rg_0061,mao,2020,theoretical,solutions,4,2020--mao--theoretical--solutions--ru--grade-10-11--theory--archive-combined.pdf,"partial_overlap:1, source_variant:5"
rg_0062,mao,2020,theoretical,tasks,12,2020--mao--theoretical--tasks--ru--grade-10-11--official-v2.pdf,"possible_duplicate:21, source_variant:20"
rg_0063,mao,2021,observational,solutions,5,2021--mao--observational--solutions--ru--grade-10-11--official-combined.pdf,"exact_duplicate:2, partial_overlap:6, source_variant:2"
rg_0064,mao,2021,observational,tasks,5,2021--mao--observational--tasks--ru--grade-10-11--official.pdf,"exact_duplicate:2, possible_duplicate:4, source_variant:2"
rg_0065,mao,2021,qualifying,solutions,8,2021--mao--qualifying--solutions--ru--grade-10-11--selection--archive-combined.pdf,source_variant:28
rg_0066,mao,2021,qualifying,tasks,8,2021--mao--qualifying--tasks--ru--grade-10-11--selection--archive.pdf,"possible_duplicate:5, source_variant:23"
rg_0067,mao,2021,theoretical,solutions,4,2021--mao--theoretical--solutions--ru--grade-8-9--theory--archive-combined.pdf,"partial_overlap:1, source_variant:5"
rg_0068,mao,2021,theoretical,tasks,12,2021--mao--theoretical--tasks--ru--grade-10-11--official.pdf,"possible_duplicate:27, source_variant:21"
rg_0069,mao,2022,observational,solutions,3,2022--mao--observational--solutions--ru--grade-8-11--observational--official-combined.pdf,"partial_overlap:2, source_variant:1"
rg_0070,mao,2022,observational,tasks,4,2022--mao--observational--tasks--ru--grade-10-11--observational--official.pdf,"possible_duplicate:4, source_variant:2"
rg_0071,mao,2022,qualifying,solutions,8,2022--mao--qualifying--solutions--ru--grade-10-11--selection--round-2--archive-combined.pdf,"partial_overlap:5, source_variant:23"
rg_0072,mao,2022,qualifying,tasks,8,2022--mao--qualifying--tasks--ru--grade-10-11--selection--round-2--archive.pdf,"possible_duplicate:5, source_variant:23"
rg_0073,mao,2022,theoretical,solutions,18,2022--mao--theoretical--solutions--ru--grade-7--theory--official-combined.pdf,"exact_duplicate:7, partial_overlap:96, source_variant:50"
rg_0074,mao,2022,theoretical,tasks,13,2022--mao--theoretical--tasks--ru--grade-10--theory--official.pdf,"exact_duplicate:2, possible_duplicate:27, source_variant:28"
rg_0075,mao,2023,observational,solutions,2,2023--mao--observational--solutions--ru--grade-8-11--official-combined.pdf,exact_duplicate:1
rg_0076,mao,2023,observational,tasks,2,2023--mao--observational--tasks--ru--grade-8-11--official.pdf,exact_duplicate:1
rg_0077,mao,2023,qualifying,solutions,8,2023--mao--qualifying--solutions--ru--grade-10-11--selection--round-1--archive-combined.pdf,"partial_overlap:17, source_variant:11"
rg_0078,mao,2023,qualifying,tasks,8,2023--mao--qualifying--tasks--ru--grade-10-11--selection--round-1--archive.pdf,"possible_duplicate:18, source_variant:10"
rg_0079,mao,2023,theoretical,solutions,14,2023--mao--theoretical--solutions--ru--grade-10--theory--official-combined.pdf,"exact_duplicate:7, partial_overlap:42, source_variant:42"
rg_0080,mao,2023,theoretical,tasks,19,2023--mao--theoretical--tasks--ru--grade-7--theory--official.pdf,"exact_duplicate:7, possible_duplicate:69, source_variant:52"
rg_0081,mao,2024,observational,solutions,4,2024--mao--observational--solutions--ru--grade-10-11--official-combined.pdf,"exact_duplicate:2, partial_overlap:2, source_variant:2"
rg_0082,mao,2024,observational,tasks,4,2024--mao--observational--tasks--ru--grade-8-9--official.pdf,"exact_duplicate:2, possible_duplicate:2, source_variant:2"
rg_0083,mao,2024,qualifying,solutions,8,2024--mao--qualifying--solutions--ru--grade-10-11--selection--round-1--archive-combined.pdf,"partial_overlap:3, source_variant:25"
rg_0084,mao,2024,qualifying,tasks,8,2024--mao--qualifying--tasks--ru--grade-10-11--selection--round-1--archive.pdf,"possible_duplicate:3, source_variant:25"
rg_0085,mao,2024,theoretical,solutions,14,2024--mao--theoretical--solutions--ru--grade-10--theory--official-combined.pdf,"exact_duplicate:7, partial_overlap:42, source_variant:42"
rg_0086,mao,2024,theoretical,tasks,14,2024--mao--theoretical--tasks--ru--grade-6--theory--official.pdf,"exact_duplicate:7, possible_duplicate:30, source_variant:42"
rg_0087,mao,2025,observational,solutions,4,2025--mao--observational--solutions--ru--grade-10-11--official-combined.pdf,"exact_duplicate:2, partial_overlap:2, source_variant:2"
rg_0088,mao,2025,observational,tasks,4,2025--mao--observational--tasks--ru--grade-10-11--official.pdf,"exact_duplicate:2, possible_duplicate:2, source_variant:2"
rg_0089,mao,2025,qualifying,solutions,8,2025--mao--qualifying--solutions--ru--grade-10-11--selection--round-1--archive-combined.pdf,"partial_overlap:2, source_variant:26"
rg_0090,mao,2025,qualifying,tasks,8,2025--mao--qualifying--tasks--ru--grade-10-11--selection--round-2--archive.pdf,"possible_duplicate:2, source_variant:26"
rg_0091,mao,2025,theoretical,solutions,9,2025--mao--theoretical--solutions--ru--grade-8--theory--official-combined.pdf,"exact_duplicate:4, partial_overlap:16, source_variant:16"
rg_0092,mao,2025,theoretical,tasks,5,2025--mao--theoretical--tasks--ru--grade-10--theory--archive.pdf,source_variant:10
rg_0093,mao,2026,observational,solutions,4,2026--mao--observational--solutions--ru--grade-10-11--official-combined.pdf,"exact_duplicate:2, partial_overlap:2, source_variant:2"
rg_0094,mao,2026,observational,tasks,4,2026--mao--observational--tasks--ru--grade-8-9--official.pdf,"exact_duplicate:2, possible_duplicate:2, source_variant:2"
rg_0095,mao,2026,qualifying,solutions,5,2026--mao--qualifying--solutions--ru--grade-10-11--selection--archive-combined.pdf,source_variant:10
rg_0096,mao,2026,qualifying,tasks,5,2026--mao--qualifying--tasks--ru--grade-10-11--selection--archive.pdf,"possible_duplicate:1, source_variant:9"
rg_0097,mao,2026,theoretical,solutions,11,2026--mao--theoretical--solutions--ru--grade-11--theory--official-combined.pdf,"exact_duplicate:5, partial_overlap:27, source_variant:23"
rg_0098,mao,2026,theoretical,tasks,15,2026--mao--theoretical--tasks--ru--grade-11--theory--official-v2.pdf,"exact_duplicate:5, possible_duplicate:52, source_variant:40"
rg_0099,poland_astronomy,,observational,info,2,unknown-year--poland-astronomy--observational--info--en--planetarium--official-v2.pdf,source_variant:1
rg_0100,bangladesh_bao,2024,national,tasks,10,2024--bangladesh-bao--national--tasks--en--questions--official.pdf,"possible_duplicate:1, source_variant:44"
rg_0101,belarus_astronomy,2001,final,tasks,2,2001--belarus-astronomy--final--tasks--ru--main--archive.doc,reformatted_version:1
rg_0102,belarus_astronomy,2004,final,tasks,2,2004--belarus-astronomy--final--tasks--ru--practical--archive.doc,possible_duplicate:1
rg_0103,belarus_astronomy,2005,final,tasks,2,2005--belarus-astronomy--final--tasks--ru--theory--archive.jpg,source_variant:1
rg_0104,belarus_astronomy,2005,regional,tasks,4,2005--belarus-astronomy--regional--tasks--ru--practical--archive.pdf,"reformatted_version:4, source_variant:2"
rg_0105,belarus_astronomy,2006,final,solutions,2,2006--belarus-astronomy--final--solutions--ru--practical--archive.pdf,possible_duplicate:1
rg_0106,belarus_astronomy,2006,final,tasks,2,2006--belarus-astronomy--final--tasks--ru--practical--archive.pdf,possible_duplicate:1
rg_0107,belarus_astronomy,2006,regional,solutions,2,2006--belarus-astronomy--regional--solutions--ru--theory--archive.pdf,source_variant:1
rg_0108,belarus_astronomy,2006,regional,tasks,2,2006--belarus-astronomy--regional--tasks--ru--theory--archive.pdf,source_variant:1
rg_0109,belarus_astronomy,2007,district,reference_data,2,2007--belarus-astronomy--district--reference-data--ru--map--archive.pdf,source_variant:1
rg_0110,belarus_astronomy,2007,final,tasks,3,2007--belarus-astronomy--final--tasks--ru--stereo-jet--archive.pdf,"possible_duplicate:2, source_variant:1"
rg_0111,belarus_astronomy,2007,regional,reference_data,4,2007--belarus-astronomy--regional--reference-data--ru--map-south--archive.pdf,"possible_duplicate:4, source_variant:2"
rg_0112,belarus_astronomy,2007,regional,solutions,2,2007--belarus-astronomy--regional--solutions--ru--practical--archive.pdf,source_variant:1
rg_0113,belarus_astronomy,2007,regional,tasks,2,2007--belarus-astronomy--regional--tasks--ru--practical--archive.pdf,source_variant:1
rg_0114,belarus_astronomy,2008,final,reference_data,5,2008--belarus-astronomy--final--reference-data--ru--1b--archive.jpg,"possible_duplicate:4, source_variant:6"
rg_0115,belarus_astronomy,2008,final,tasks,2,2008--belarus-astronomy--final--tasks--ru--theory--archive.pdf,reformatted_version:1
rg_0116,belarus_astronomy,2008,regional,solutions,4,2008--belarus-astronomy--regional--solutions--ru--practical--archive.pdf,"reformatted_version:4, source_variant:2"
rg_0117,belarus_astronomy,2008,regional,tasks,4,2008--belarus-astronomy--regional--tasks--ru--practical--archive.docx,"possible_duplicate:1, reformatted_version:4, source_variant:1"
rg_0118,belarus_astronomy,2009,district,solutions,3,2009--belarus-astronomy--district--solutions--ru--ii-appendix--archive.png,reformatted_version:3
rg_0119,belarus_astronomy,2009,district,tasks,2,2009--belarus-astronomy--district--tasks--ru--main--archive.doc,reformatted_version:1
rg_0120,belarus_astronomy,2009,final,solutions,2,2009--belarus-astronomy--final--solutions--ru--practical--archive.pdf,possible_duplicate:1
rg_0121,belarus_astronomy,2009,final,tasks,5,2009--belarus-astronomy--final--tasks--ru--questions--archive-v2.jpg,"possible_duplicate:3, reformatted_version:6, source_variant:1"
rg_0122,belarus_astronomy,2009,regional,reference_data,2,2009--belarus-astronomy--regional--reference-data--ru--appendix-v--archive.jpg,source_variant:1
rg_0123,belarus_astronomy,2009,regional,solutions,2,2009--belarus-astronomy--regional--solutions--ru--practical--archive.pdf,possible_duplicate:1
rg_0124,belarus_astronomy,2009,regional,tasks,2,2009--belarus-astronomy--regional--tasks--ru--practical--archive.pdf,source_variant:1
rg_0125,belarus_astronomy,2010,district,solutions,4,2010--belarus-astronomy--district--solutions--ru--theory--archive.doc,"possible_duplicate:1, reformatted_version:5"
rg_0126,belarus_astronomy,2010,district,tasks,7,2010--belarus-astronomy--district--tasks--ru--ii--archive.pdf,"possible_duplicate:8, reformatted_version:12, source_variant:1"
rg_0127,belarus_astronomy,2010,final,solutions,2,2010--belarus-astronomy--final--solutions--ru--practical--archive.pdf,source_variant:1
rg_0128,belarus_astronomy,2010,final,tasks,2,2010--belarus-astronomy--final--tasks--ru--theory--archive.pdf,source_variant:1
rg_0129,belarus_astronomy,2010,regional,reference_data,3,2010--belarus-astronomy--regional--reference-data--ru--maps--archive.pdf,"possible_duplicate:2, source_variant:1"
rg_0130,belarus_astronomy,2010,regional,solutions,7,2010--belarus-astronomy--regional--solutions--ru--practical--archive-combined.pdf,"partial_overlap:14, source_variant:7"
rg_0131,belarus_astronomy,2011,final,reference_data,2,2011--belarus-astronomy--final--reference-data--ru--practical--archive.pdf,exact_duplicate:1
rg_0132,belarus_astronomy,2011,final,tasks,2,2011--belarus-astronomy--final--tasks--ru--theory--archive.pdf,source_variant:1
rg_0133,belarus_astronomy,2012,district,marking,2,2012--belarus-astronomy--district--marking--ru--skhema-otsenivaniya--archive.pdf,reformatted_version:1
rg_0134,belarus_astronomy,2012,district,reference_data,2,2012--belarus-astronomy--district--reference-data--ru--nemaya-karta--archive.pdf,reformatted_version:1
rg_0135,belarus_astronomy,2012,district,solutions,6,2012--belarus-astronomy--district--solutions--ru--theory--archive.pdf,"possible_duplicate:3, reformatted_version:11, source_variant:1"
rg_0136,belarus_astronomy,2012,district,tasks,5,2012--belarus-astronomy--district--tasks--ru--theory--archive.pdf,"possible_duplicate:1, reformatted_version:8, source_variant:1"
rg_0137,belarus_astronomy,2012,final,solutions,2,2012--belarus-astronomy--final--solutions--ru--practical--archive.pdf,source_variant:1
rg_0138,belarus_astronomy,2012,final,tasks,3,2012--belarus-astronomy--final--tasks--ru--destination-moon--archive.pdf,"possible_duplicate:2, source_variant:1"
rg_0139,belarus_astronomy,2012,regional,tasks,2,2012--belarus-astronomy--regional--tasks--ru--practical--archive.pdf,possible_duplicate:1
rg_0140,belarus_astronomy,2013,district,tasks,2,2013--belarus-astronomy--district--tasks--ru--zadachi--archive.docx,reformatted_version:1
rg_0141,belarus_astronomy,2013,final,reference_data,2,2013--belarus-astronomy--final--reference-data--ru--map--archive.pdf,possible_duplicate:1
rg_0142,belarus_astronomy,2013,final,solutions,2,2013--belarus-astronomy--final--solutions--ru--map--archive.pdf,source_variant:1
rg_0143,belarus_astronomy,2013,final,tasks,6,2013--belarus-astronomy--final--tasks--ru--practical--archive-v2.pdf,"possible_duplicate:10, source_variant:2"
rg_0144,belarus_astronomy,2014,district,tasks,4,2014--belarus-astronomy--district--tasks--ru--zadachi--archive.pdf,"reformatted_version:4, source_variant:2"
rg_0145,belarus_astronomy,2014,final,tasks,10,2014--belarus-astronomy--final--tasks--ru--astra-olimp-resp0001--archive.jpg,source_variant:45
rg_0146,belarus_astronomy,2014,regional,solutions,2,2014--belarus-astronomy--regional--solutions--ru--practical--archive.pdf,possible_duplicate:1
rg_0147,belarus_astronomy,2014,regional,tasks,2,2014--belarus-astronomy--regional--tasks--ru--practical--archive.pdf,source_variant:1
rg_0148,belarus_astronomy,2015,district,solutions,3,2015--belarus-astronomy--district--solutions--ru--theory--archive.pdf,"possible_duplicate:1, source_variant:2"
rg_0149,belarus_astronomy,2015,district,tasks,5,2015--belarus-astronomy--district--tasks--ru--zadachi--archive.docx,"possible_duplicate:1, reformatted_version:6, source_variant:3"
rg_0150,belarus_astronomy,2015,final,solutions,4,2015--belarus-astronomy--final--solutions--ru--practical--archive.pdf,"exact_duplicate:2, possible_duplicate:4"
rg_0151,belarus_astronomy,2015,final,tasks,4,2015--belarus-astronomy--final--tasks--ru--theory--archive.pdf,"exact_duplicate:2, possible_duplicate:2, source_variant:2"
rg_0152,belarus_astronomy,2015,regional,tasks,7,2015--belarus-astronomy--regional--tasks--ru--southcross--archive.jpg,"possible_duplicate:7, reformatted_version:10, source_variant:3"
rg_0153,belarus_astronomy,2016,final,tasks,12,2016--belarus-astronomy--final--tasks--ru--main--archive-v4.jpg,source_variant:66
rg_0154,belarus_astronomy,2017,district,solutions,2,2017--belarus-astronomy--district--solutions--ru--practical--archive.pdf,source_variant:1
rg_0155,belarus_astronomy,2017,district,tasks,9,2017--belarus-astronomy--district--tasks--ru--ii-tur-astronomiya-minskaya--archive.pdf,"possible_duplicate:4, reformatted_version:10, source_variant:2, translated_version:20"
rg_0156,belarus_astronomy,2017,final,solutions,2,2017--belarus-astronomy--final--solutions--ru--theory--archive.pdf,source_variant:1
rg_0157,belarus_astronomy,2017,final,tasks,3,2017--belarus-astronomy--final--tasks--ru--practical--version-2--archive.pdf,"exact_duplicate:1, source_variant:2"
rg_0158,belarus_astronomy,2017,regional,solutions,2,2017--belarus-astronomy--regional--solutions--ru--main--archive.docx,reformatted_version:1
rg_0159,belarus_astronomy,2017,regional,tasks,2,2017--belarus-astronomy--regional--tasks--ru--practical--archive.pdf,possible_duplicate:1
rg_0160,belarus_astronomy,2018,district,solutions,3,2018--belarus-astronomy--district--solutions--ru--minskaya-oblast-astronomiya-resheniya--archive.pdf,"possible_duplicate:2, source_variant:1"
rg_0161,belarus_astronomy,2018,district,tasks,5,2018--belarus-astronomy--district--tasks--ru--zadachi-minsk--archive.docx,"possible_duplicate:3, reformatted_version:6, source_variant:1"
rg_0162,belarus_astronomy,2018,final,tasks,3,2018--belarus-astronomy--final--tasks--ru--team--archive.doc,"possible_duplicate:1, reformatted_version:2"
rg_0163,belarus_astronomy,2019,district,reference_data,2,2019--belarus-astronomy--district--reference-data--ru--dopolnitelnye-materialy--archive.docx,reformatted_version:1
rg_0164,belarus_astronomy,2019,district,solutions,3,2019--belarus-astronomy--district--solutions--ru--practical--archive.pdf,possible_duplicate:3
rg_0165,belarus_astronomy,2019,district,tasks,16,2019--belarus-astronomy--district--tasks--ru--zadachi-minskaya-oblast--archive.docx,"possible_duplicate:17, reformatted_version:69, source_variant:33"
rg_0166,belarus_astronomy,2019,final,solutions,2,2019--belarus-astronomy--final--solutions--ru--theory--archive-combined.doc,source_variant:1
rg_0167,belarus_astronomy,2019,final,tasks,2,2019--belarus-astronomy--final--tasks--ru--theory--archive.doc,source_variant:1
rg_0168,belarus_astronomy,2019,regional,solutions,4,2019--belarus-astronomy--regional--solutions--ru--practical--archive-combined.doc,"partial_overlap:2, reformatted_version:4"
rg_0169,belarus_astronomy,2020,district,solutions,4,2020--belarus-astronomy--district--solutions--ru--zadanie--archive-combined.jpg,"possible_duplicate:3, reformatted_version:3"
rg_0170,belarus_astronomy,2020,district,tasks,26,2020--belarus-astronomy--district--tasks--ru--main--archive-v3.jpg,"possible_duplicate:65, reformatted_version:75, source_variant:32, translated_version:153"
rg_0171,belarus_astronomy,2020,final,solutions,2,2020--belarus-astronomy--final--solutions--ru--practical--archive.pdf,possible_duplicate:1
rg_0172,belarus_astronomy,2020,final,tasks,34,2020--belarus-astronomy--final--tasks--ru--practical--archive.pdf,"exact_duplicate:1, possible_duplicate:36, reformatted_version:24, scan_variant:469, source_variant:31"
rg_0173,belarus_astronomy,2021,district,solutions,3,2021--belarus-astronomy--district--solutions--ru--theory--archive.pdf,"possible_duplicate:2, source_variant:1"
rg_0174,belarus_astronomy,2021,district,tasks,4,2021--belarus-astronomy--district--tasks--ru--zadaniya-minsk-novye--archive.docx,"possible_duplicate:2, reformatted_version:3, source_variant:1"
rg_0175,belarus_astronomy,2021,final,tasks,2,2021--belarus-astronomy--final--tasks--ru--round-1--archive.pdf,source_variant:1
rg_0176,belarus_astronomy,2021,regional,solutions,2,2021--belarus-astronomy--regional--solutions--ru--practical--archive.pdf,possible_duplicate:1
rg_0177,belarus_astronomy,2021,regional,tasks,4,2021--belarus-astronomy--regional--tasks--ru--practical--archive-v2.pdf,"possible_duplicate:3, translated_version:3"
rg_0178,belarus_astronomy,2022,district,solutions,3,2022--belarus-astronomy--district--solutions--ru--resheniya-minskaya-oblast--archive.pdf,"possible_duplicate:2, source_variant:1"
rg_0179,belarus_astronomy,2022,district,tasks,6,2022--belarus-astronomy--district--tasks--ru--zadaniya-minskaya-oblast-novye--archive.docx,"possible_duplicate:7, reformatted_version:8"
rg_0180,belarus_astronomy,2022,final,solutions,2,2022--belarus-astronomy--final--solutions--ru--practical--archive.pdf,possible_duplicate:1
rg_0181,belarus_astronomy,2022,final,tasks,24,2022--belarus-astronomy--final--tasks--ru--practical--archive.pdf,"possible_duplicate:105, reformatted_version:44, source_variant:127"
rg_0182,belarus_astronomy,2022,regional,solutions,2,2022--belarus-astronomy--regional--solutions--ru--practical--archive.pdf,source_variant:1
rg_0183,belarus_astronomy,2022,regional,tasks,4,2022--belarus-astronomy--regional--tasks--ru--theory--archive-v2.pdf,"possible_duplicate:2, source_variant:2"
rg_0184,belarus_astronomy,2023,district,solutions,2,2023--belarus-astronomy--district--solutions--ru--theory--archive.pdf,source_variant:1
rg_0185,belarus_astronomy,2023,district,tasks,3,2023--belarus-astronomy--district--tasks--ru--zadaniya-minsk-novye--archive.docx,"possible_duplicate:1, reformatted_version:2"
rg_0186,belarus_astronomy,2023,final,solutions,2,2023--belarus-astronomy--final--solutions--ru--practical--archive.pdf,source_variant:1
rg_0187,belarus_astronomy,2023,final,tasks,2,2023--belarus-astronomy--final--tasks--ru--practical--archive.pdf,source_variant:1
rg_0188,belarus_astronomy,2023,regional,reference_data,7,2023--belarus-astronomy--regional--reference-data--ru--addition-v-file--archive.pdf,"exact_duplicate:2, possible_duplicate:6, source_variant:13"
rg_0189,belarus_astronomy,2023,regional,solutions,19,2023--belarus-astronomy--regional--solutions--ru--theory--archive-v2.docx,"exact_duplicate:5, possible_duplicate:68, reformatted_version:60, source_variant:37"
rg_0190,belarus_astronomy,2023,regional,tasks,10,2023--belarus-astronomy--regional--tasks--ru--theory--archive.pdf,"exact_duplicate:2, possible_duplicate:8, reformatted_version:24, source_variant:11"
rg_0191,belarus_astronomy,2024,final,solutions,2,2024--belarus-astronomy--final--solutions--ru--practical--archive.pdf,possible_duplicate:1
rg_0192,belarus_astronomy,2024,final,tasks,2,2024--belarus-astronomy--final--tasks--ru--practical--archive.pdf,possible_duplicate:1
rg_0193,belarus_astronomy,2024,regional,solutions,2,2024--belarus-astronomy--regional--solutions--ru--practical--archive.pdf,source_variant:1
rg_0194,belarus_astronomy,2024,regional,tasks,2,2024--belarus-astronomy--regional--tasks--ru--practical--archive.pdf,source_variant:1
rg_0195,belarus_astronomy,2025,final,solutions,2,2025--belarus-astronomy--final--solutions--ru--theory--archive.pdf,source_variant:1
rg_0196,belarus_astronomy,2025,final,tasks,2,2025--belarus-astronomy--final--tasks--ru--practical--archive.pdf,source_variant:1
rg_0197,belarus_astronomy,2025,regional,solutions,2,2025--belarus-astronomy--regional--solutions--ru--theory--archive.pdf,source_variant:1
rg_0198,belarus_astronomy,2025,regional,tasks,2,2025--belarus-astronomy--regional--tasks--ru--practical--archive.pdf,source_variant:1
rg_0199,brazil_oba,,national,tasks,11,unknown-year--brazil-oba--national--tasks--pt--prova-nivel-da-vii--official-v4.pdf,"possible_duplicate:18, source_variant:37"
rg_0200,brazil_oba,1998,national,solutions,2,1998--brazil-oba--national--solutions--pt--gbniv2-1oba--official.pdf,source_variant:1
rg_0201,brazil_oba,1998,national,tasks,2,1998--brazil-oba--national--tasks--pt--i-oba-n2--official.pdf,source_variant:1
rg_0202,brazil_oba,1999,national,solutions,3,1999--brazil-oba--national--solutions--pt--1999gb-niv3-2oba--official.pdf,source_variant:3
rg_0203,brazil_oba,1999,national,tasks,3,1999--brazil-oba--national--tasks--pt--prova-niv3-ii-oba--official.pdf,source_variant:3
rg_0204,brazil_oba,2000,national,solutions,3,2000--brazil-oba--national--solutions--pt--gbniv3-3oba--official.pdf,source_variant:3
rg_0205,brazil_oba,2000,national,tasks,3,2000--brazil-oba--national--tasks--pt--prova-niv-iii-oba--official-v2.pdf,source_variant:3
rg_0206,brazil_oba,2001,national,tasks,6,2001--brazil-oba--national--tasks--pt--prova-niv-iv-oba--official-v3.pdf,"possible_duplicate:9, source_variant:6"
rg_0207,brazil_oba,2002,national,tasks,6,2002--brazil-oba--national--tasks--pt--vobapn3vf6p--official.pdf,"possible_duplicate:2, source_variant:13"
rg_0208,brazil_oba,2003,national,tasks,4,2003--brazil-oba--national--tasks--pt--2003gab-n3-6oba--official.pdf,"reformatted_version:3, source_variant:3"
rg_0209,brazil_oba,2004,national,tasks,4,2004--brazil-oba--national--tasks--pt--gab-n4-7oba--official.pdf,source_variant:6
rg_0210,brazil_oba,2005,national,tasks,4,2005--brazil-oba--national--tasks--pt--gab-n4-oba--official.pdf,source_variant:6
rg_0211,brazil_oba,2006,national,tasks,8,2006--brazil-oba--national--tasks--pt--prova-nivel-da-ix--official-v4.pdf,"possible_duplicate:14, source_variant:14"
rg_0212,brazil_oba,2007,national,tasks,8,2007--brazil-oba--national--tasks--pt--gab-n4-x-oba--official.pdf,"possible_duplicate:17, source_variant:10"
rg_0213,brazil_oba,2008,national,solutions,4,2008--brazil-oba--national--solutions--pt--gabarito-com-questoes-nivel--official-v4.pdf,"possible_duplicate:4, source_variant:2"
rg_0214,brazil_oba,2008,national,tasks,4,2008--brazil-oba--national--tasks--pt--prova-nivel-da-xi--official-v4.pdf,"possible_duplicate:4, source_variant:2"
rg_0215,brazil_oba,2009,national,solutions,4,2009--brazil-oba--national--solutions--pt--gabarito-da-prova-nivel--official-v4.pdf,"possible_duplicate:3, source_variant:3"
rg_0216,brazil_oba,2009,national,tasks,4,2009--brazil-oba--national--tasks--pt--prova-nivel-da-xii--official-v3.pdf,"possible_duplicate:3, source_variant:3"
rg_0217,brazil_oba,2010,national,solutions,4,2010--brazil-oba--national--solutions--pt--gabarito-prova-nivel-da--official-v4.pdf,source_variant:6
rg_0218,brazil_oba,2010,national,tasks,4,2010--brazil-oba--national--tasks--pt--prova-nivel-da-xiii--official-v4.pdf,source_variant:6
rg_0219,brazil_oba,2011,national,solutions,6,2011--brazil-oba--national--solutions--pt--gabarito-da-prova-nivel--official-v2.pdf,"possible_duplicate:9, source_variant:6"
rg_0220,brazil_oba,2011,national,tasks,5,2011--brazil-oba--national--tasks--pt--carta-circular-das-provas--official.pdf,"possible_duplicate:4, source_variant:6"
rg_0221,brazil_oba,2012,national,solutions,5,2012--brazil-oba--national--solutions--pt--gabarito-prova-nivel-da--official-v4.pdf,"possible_duplicate:6, source_variant:4"
rg_0222,brazil_oba,2012,national,tasks,5,2012--brazil-oba--national--tasks--pt--carta-circular-das-provas--official.pdf,"possible_duplicate:6, source_variant:4"
rg_0223,brazil_oba,2013,national,solutions,5,2013--brazil-oba--national--solutions--pt--gabarito-prova-nivel-da--official.pdf,"possible_duplicate:4, source_variant:6"
rg_0224,brazil_oba,2013,national,tasks,5,2013--brazil-oba--national--tasks--pt--carta-circular-das-provas--official.pdf,"possible_duplicate:3, source_variant:7"
rg_0225,brazil_oba,2014,national,solutions,6,2014--brazil-oba--national--solutions--pt--prova-nivel-da-xvii--official-v2.pdf,"possible_duplicate:9, source_variant:6"
rg_0226,brazil_oba,2014,national,tasks,5,2014--brazil-oba--national--tasks--pt--carta-circular-das-provas--official.pdf,"possible_duplicate:4, source_variant:6"
rg_0227,brazil_oba,2015,national,solutions,4,2015--brazil-oba--national--solutions--pt--gabarito-prova-nivel-da--official-v2.pdf,"possible_duplicate:1, source_variant:5"
rg_0228,brazil_oba,2015,national,tasks,5,2015--brazil-oba--national--tasks--pt--carta-circular-das-provas--official.pdf,"possible_duplicate:4, source_variant:6"
rg_0229,brazil_oba,2016,national,solutions,4,2016--brazil-oba--national--solutions--pt--prova-nivel-da-xix--official-v4.pdf,"possible_duplicate:4, source_variant:2"
rg_0230,brazil_oba,2016,national,tasks,5,2016--brazil-oba--national--tasks--pt--prova-nivel-da-xix--official-v3.pdf,"possible_duplicate:2, source_variant:8"
rg_0231,brazil_oba,2017,national,solutions,5,2017--brazil-oba--national--solutions--pt--prova-nivel-da-xx--official-v3.pdf,"possible_duplicate:4, source_variant:6"
rg_0232,brazil_oba,2017,national,tasks,5,2017--brazil-oba--national--tasks--pt--carta-circular-das-provas--official.pdf,"possible_duplicate:4, source_variant:6"
rg_0233,brazil_oba,2018,national,solutions,4,2018--brazil-oba--national--solutions--pt--gabarito-nivel-com-cartas--official-v4.pdf,source_variant:6
rg_0234,brazil_oba,2018,national,tasks,4,2018--brazil-oba--national--tasks--pt--prova-nivel-com-carta--official-v4.pdf,source_variant:6
rg_0235,brazil_oba,2019,national,solutions,4,2019--brazil-oba--national--solutions--pt--oba2019-carta-e-gabarito--official.pdf,"possible_duplicate:3, source_variant:3"
rg_0236,brazil_oba,2019,national,tasks,4,2019--brazil-oba--national--tasks--pt--oba2019-carta-e-prova--official-v4.pdf,source_variant:6
rg_0237,brazil_oba,2020,national,solutions,5,2020--brazil-oba--national--solutions--pt--prova-nivel-da-oba--official-v3.pdf,"exact_duplicate:1, possible_duplicate:5, source_variant:4"
rg_0238,brazil_oba,2020,national,tasks,3,2020--brazil-oba--national--tasks--pt--prova-nivel-da-oba--official-v3.pdf,"possible_duplicate:2, source_variant:1"
rg_0239,brazil_oba,2021,national,solutions,4,2021--brazil-oba--national--solutions--pt--gabarito-da-prova-nivel--official-v2.pdf,source_variant:6
rg_0240,brazil_oba,2021,national,tasks,4,2021--brazil-oba--national--tasks--pt--prova-nivel-da-oba--official-v2.pdf,source_variant:6
rg_0241,brazil_oba,2022,national,solutions,4,2022--brazil-oba--national--solutions--pt--gabarito-da-prova-nivel--official-v2.pdf,"possible_duplicate:3, source_variant:3"
rg_0242,brazil_oba,2022,national,tasks,4,2022--brazil-oba--national--tasks--pt--prova-nivel-da-oba--official-v2.pdf,"possible_duplicate:2, source_variant:4"
rg_0243,brazil_oba,2023,national,solutions,4,2023--brazil-oba--national--solutions--pt--prova-nivel-da-oba--official-v4.pdf,"possible_duplicate:4, source_variant:2"
rg_0244,brazil_oba,2023,national,tasks,4,2023--brazil-oba--national--tasks--pt--prova-nivel-da-oba--official-v3.pdf,"possible_duplicate:3, source_variant:3"
rg_0245,brazil_oba,2024,national,solutions,4,2024--brazil-oba--national--solutions--pt--prova-nivel-da-oba--official-v4.pdf,"possible_duplicate:4, source_variant:2"
rg_0246,brazil_oba,2024,national,tasks,4,2024--brazil-oba--national--tasks--pt--prova-nivel-da-oba--official-v4.pdf,"possible_duplicate:4, source_variant:2"
rg_0247,bulgaria_astronomy,2005,national,tasks,3,2005--bulgaria-astronomy--national--tasks--bg--iii--official.pdf,possible_duplicate:3
rg_0248,bulgaria_astronomy,2005,regional,tasks,3,2005--bulgaria-astronomy--regional--tasks--bg--ii--official.pdf,"possible_duplicate:1, source_variant:2"
rg_0249,bulgaria_astronomy,2006,national,tasks,3,2006--bulgaria-astronomy--national--tasks--bg--iii--official-v3.pdf,"possible_duplicate:2, source_variant:1"
rg_0250,bulgaria_astronomy,2006,regional,tasks,4,2006--bulgaria-astronomy--regional--tasks--bg--ii--official-v2.pdf,"possible_duplicate:3, source_variant:3"
rg_0251,bulgaria_astronomy,2007,national,tasks,3,2007--bulgaria-astronomy--national--tasks--bg--iii--official.pdf,"possible_duplicate:1, source_variant:2"
rg_0252,bulgaria_astronomy,2007,regional,tasks,4,2007--bulgaria-astronomy--regional--tasks--bg--ii--official-v4.pdf,"possible_duplicate:3, source_variant:3"
rg_0253,bulgaria_astronomy,2008,national,tasks,3,2008--bulgaria-astronomy--national--tasks--bg--iii--official-v3.pdf,"possible_duplicate:1, source_variant:2"
rg_0254,bulgaria_astronomy,2008,regional,tasks,4,2008--bulgaria-astronomy--regional--tasks--bg--ii--official-v3.pdf,"possible_duplicate:2, source_variant:4"
rg_0255,bulgaria_astronomy,2009,national,tasks,6,2009--bulgaria-astronomy--national--tasks--bg--iii-pr--official-v3.pdf,"possible_duplicate:11, source_variant:4"
rg_0256,bulgaria_astronomy,2009,regional,tasks,4,2009--bulgaria-astronomy--regional--tasks--bg--ii--official-v2.pdf,"possible_duplicate:3, source_variant:3"
rg_0257,bulgaria_astronomy,2010,national,tasks,6,2010--bulgaria-astronomy--national--tasks--bg--iii-pr--official-v2.pdf,"possible_duplicate:10, source_variant:5"
rg_0258,bulgaria_astronomy,2010,regional,tasks,4,2010--bulgaria-astronomy--regional--tasks--bg--ii--official-v3.pdf,"possible_duplicate:3, source_variant:3"
rg_0259,bulgaria_astronomy,2011,national,tasks,6,2011--bulgaria-astronomy--national--tasks--bg--iii-78th--official.pdf,"possible_duplicate:10, source_variant:5"
rg_0260,bulgaria_astronomy,2011,regional,tasks,4,2011--bulgaria-astronomy--regional--tasks--bg--ii--official-v2.pdf,"possible_duplicate:4, source_variant:2"
rg_0261,bulgaria_astronomy,2012,national,tasks,3,2012--bulgaria-astronomy--national--tasks--bg--iii--official-v3.pdf,"possible_duplicate:1, source_variant:2"
rg_0262,bulgaria_astronomy,2012,regional,tasks,4,2012--bulgaria-astronomy--regional--tasks--bg--ii--official-v2.pdf,"possible_duplicate:4, source_variant:2"
rg_0263,bulgaria_astronomy,2013,national,tasks,3,2013--bulgaria-astronomy--national--tasks--bg--iii--official-v3.pdf,"possible_duplicate:2, source_variant:1"
rg_0264,bulgaria_astronomy,2013,regional,tasks,4,2013--bulgaria-astronomy--regional--tasks--bg--ii--official-v2.pdf,"possible_duplicate:4, source_variant:2"
rg_0265,bulgaria_astronomy,2014,national,tasks,6,2014--bulgaria-astronomy--national--tasks--bg--iii-pr--official-v2.pdf,"possible_duplicate:10, source_variant:5"
rg_0266,bulgaria_astronomy,2014,regional,tasks,4,2014--bulgaria-astronomy--regional--tasks--bg--ii--official-v2.pdf,possible_duplicate:6
rg_0267,bulgaria_astronomy,2015,national,tasks,6,2015--bulgaria-astronomy--national--tasks--bg--iii-pr--official.pdf,"possible_duplicate:5, source_variant:10"
rg_0268,bulgaria_astronomy,2015,regional,tasks,4,2015--bulgaria-astronomy--regional--tasks--bg--ii--official-v3.pdf,"possible_duplicate:4, source_variant:2"
rg_0269,bulgaria_astronomy,2016,national,tasks,6,2016--bulgaria-astronomy--national--tasks--bg--iii-pr--official-v3.pdf,"possible_duplicate:8, source_variant:7"
rg_0270,bulgaria_astronomy,2016,regional,tasks,4,2016--bulgaria-astronomy--regional--tasks--bg--ii--official-v4.pdf,"possible_duplicate:5, source_variant:1"
rg_0271,bulgaria_astronomy,2017,regional,tasks,4,2017--bulgaria-astronomy--regional--tasks--bg--ii--official-v2.pdf,"possible_duplicate:3, source_variant:3"
rg_0272,bulgaria_astronomy,2018,national,tasks,6,2018--bulgaria-astronomy--national--tasks--bg--iii-pr--official.pdf,"possible_duplicate:11, source_variant:4"
rg_0273,bulgaria_astronomy,2018,regional,tasks,4,2018--bulgaria-astronomy--regional--tasks--bg--ii--official.pdf,"possible_duplicate:5, source_variant:1"
rg_0274,bulgaria_astronomy,2019,national,solutions,4,2019--bulgaria-astronomy--national--solutions--bg--test--official-v3.pdf,"possible_duplicate:3, source_variant:3"
rg_0275,bulgaria_astronomy,2019,national,tasks,6,2019--bulgaria-astronomy--national--tasks--bg--iii--official-v3.pdf,"possible_duplicate:9, source_variant:6"
rg_0276,bulgaria_astronomy,2019,regional,tasks,4,2019--bulgaria-astronomy--regional--tasks--bg--ii--official.pdf,"possible_duplicate:1, source_variant:5"
rg_0277,bulgaria_astronomy,2020,national,tasks,3,2020--bulgaria-astronomy--national--tasks--bg--iii--official.pdf,"possible_duplicate:2, source_variant:1"
rg_0278,bulgaria_astronomy,2020,regional,tasks,4,2020--bulgaria-astronomy--regional--tasks--bg--ii--official-v2.pdf,"possible_duplicate:5, source_variant:1"
rg_0279,bulgaria_astronomy,2021,national,tasks,3,2021--bulgaria-astronomy--national--tasks--bg--iii--official-v3.pdf,"possible_duplicate:2, source_variant:1"
rg_0280,bulgaria_astronomy,2021,regional,tasks,4,2021--bulgaria-astronomy--regional--tasks--bg--ii--official-v2.pdf,"possible_duplicate:5, source_variant:1"
rg_0281,bulgaria_astronomy,2022,national,solutions,3,2022--bulgaria-astronomy--national--solutions--bg--2den-sol--official-v2.pdf,source_variant:3
rg_0282,bulgaria_astronomy,2022,national,tasks,6,2022--bulgaria-astronomy--national--tasks--bg--iii--official-v3.pdf,"possible_duplicate:9, source_variant:6"
rg_0283,bulgaria_astronomy,2022,regional,tasks,4,2022--bulgaria-astronomy--regional--tasks--bg--ii--official-v2.pdf,"possible_duplicate:3, source_variant:3"
rg_0284,bulgaria_astronomy,2023,national,solutions,3,2023--bulgaria-astronomy--national--solutions--bg--2den-sol--official-v3.pdf,source_variant:3
rg_0285,bulgaria_astronomy,2023,national,tasks,6,2023--bulgaria-astronomy--national--tasks--bg--iii--official-v3.pdf,"possible_duplicate:12, source_variant:3"
rg_0286,bulgaria_astronomy,2023,regional,tasks,4,2023--bulgaria-astronomy--regional--tasks--bg--ii--official-v4.pdf,"possible_duplicate:5, source_variant:1"
rg_0287,bulgaria_astronomy,2024,national,solutions,3,2024--bulgaria-astronomy--national--solutions--bg--2den-sol--official-v3.pdf,source_variant:3
rg_0288,bulgaria_astronomy,2024,national,tasks,6,2024--bulgaria-astronomy--national--tasks--bg--iii--official-v2.pdf,"possible_duplicate:11, source_variant:4"
rg_0289,bulgaria_astronomy,2024,regional,tasks,4,2024--bulgaria-astronomy--regional--tasks--bg--ii--official-v4.pdf,"possible_duplicate:4, source_variant:2"
rg_0290,bulgaria_astronomy,2025,national,solutions,3,2025--bulgaria-astronomy--national--solutions--bg--2den-sol--official-v3.pdf,source_variant:3
rg_0291,bulgaria_astronomy,2025,national,tasks,3,2025--bulgaria-astronomy--national--tasks--bg--2den--official-v3.pdf,"possible_duplicate:1, source_variant:2"
rg_0292,bulgaria_astronomy,2025,regional,tasks,4,2025--bulgaria-astronomy--regional--tasks--bg--ii--official-v3.pdf,"possible_duplicate:1, source_variant:5"
rg_0293,bulgaria_astronomy,2026,municipal,solutions,4,2026--bulgaria-astronomy--municipal--solutions--bg--a26-i--official.pdf,source_variant:6
rg_0294,bulgaria_astronomy,2026,municipal,tasks,4,2026--bulgaria-astronomy--municipal--tasks--bg--i--official.pdf,"possible_duplicate:3, source_variant:3"
rg_0295,bulgaria_astronomy,2026,national,solutions,6,2026--bulgaria-astronomy--national--solutions--bg--a26-iii--official-v3.pdf,"possible_duplicate:9, source_variant:6"
rg_0296,bulgaria_astronomy,2026,national,tasks,6,2026--bulgaria-astronomy--national--tasks--bg--iii--official.pdf,"possible_duplicate:8, source_variant:7"
rg_0297,bulgaria_astronomy,2026,regional,solutions,4,2026--bulgaria-astronomy--regional--solutions--bg--a26-ii--official-v4.pdf,"possible_duplicate:1, source_variant:5"
rg_0298,bulgaria_astronomy,2026,regional,tasks,4,2026--bulgaria-astronomy--regional--tasks--bg--ii--official-v4.pdf,"possible_duplicate:2, source_variant:4"
rg_0299,croatia_astronomy,2008,state,tasks,5,2008--croatia-astronomy--state--tasks--hr--zupanijsko--official.pdf,"possible_duplicate:3, reformatted_version:4, source_variant:3"
rg_0300,croatia_astronomy,2012,county,tasks,16,2012--croatia-astronomy--county--tasks--hr--vi-razred-rjeenja-aupanijsko--official.pdf,"possible_duplicate:77, source_variant:43"
rg_0301,croatia_astronomy,2012,county,solutions,2,2012--croatia-astronomy--county--solutions--hr--rjesenja-4razred--official.pdf,possible_duplicate:1
rg_0302,croatia_astronomy,2012,school,solutions,4,2012--croatia-astronomy--school--solutions--hr--rjesenja-4razred--official.pdf,source_variant:6
rg_0303,croatia_astronomy,2012,school,tasks,14,2012--croatia-astronomy--school--tasks--hr--skolsko-r-sred-pit--official.pdf,"possible_duplicate:36, source_variant:55"
rg_0304,croatia_astronomy,2013,county,tasks,15,2013--croatia-astronomy--county--tasks--hr--raz-rjeenja-aupanijsko--official.pdf,"possible_duplicate:22, source_variant:83"
rg_0305,croatia_astronomy,2013,school,tasks,15,2013--croatia-astronomy--school--tasks--hr--kolsko-razred-zadaci--official-v2.pdf,"possible_duplicate:31, reformatted_version:14, source_variant:60"
rg_0306,croatia_astronomy,2013,school,solutions,2,2013--croatia-astronomy--school--solutions--hr--kolsko-razred-rjesenja--official.pdf,possible_duplicate:1
rg_0307,croatia_astronomy,2016,county,tasks,8,2016--croatia-astronomy--county--tasks--hr--r-pitanja-i-zadaci--official-v6.pdf,source_variant:28
rg_0308,croatia_astronomy,2016,county,solutions,8,2016--croatia-astronomy--county--solutions--hr--r-rjesenja-astronomija-zupanijsko--official-v6.pdf,source_variant:28
rg_0309,croatia_astronomy,2016,school,solutions,7,2016--croatia-astronomy--school--solutions--hr--r-rjesenja-astronomija-skolsko--official-v4.pdf,source_variant:21
rg_0310,croatia_astronomy,2016,school,tasks,9,2016--croatia-astronomy--school--tasks--hr--r-pitanja-i-zadaci--official-v5.pdf,source_variant:36
rg_0311,croatia_astronomy,2017,county,tasks,16,2017--croatia-astronomy--county--tasks--hr--razred-rjeenja-astronomija-oupanijsko--official-v4.pdf,"possible_duplicate:2, source_variant:118"
rg_0312,croatia_astronomy,2017,school,solutions,4,2017--croatia-astronomy--school--solutions--hr--razred-rjesenja-astronomija-skolsko--official-v4.pdf,source_variant:6
rg_0313,croatia_astronomy,2017,school,tasks,12,2017--croatia-astronomy--school--tasks--hr--razred-rjeenja-astronomija-kolsko--official-v3.pdf,"possible_duplicate:7, source_variant:59"
rg_0314,croatia_astronomy,2017,state,tasks,8,2017--croatia-astronomy--state--tasks--hr--venera-bbanjanin-i-munterhofer--official.pdf,"possible_duplicate:22, source_variant:6"
rg_0315,croatia_astronomy,2018,unknown,tasks,26,2018--croatia-astronomy--unknown--tasks--hr--ispit-r-zup--official-v4.pdf,"possible_duplicate:96, source_variant:229"
rg_0316,croatia_astronomy,2018,unknown,solutions,22,2018--croatia-astronomy--unknown--solutions--hr--rjesenje-sk--official-v7.pdf,"possible_duplicate:60, source_variant:171"
rg_0317,croatia_astronomy,2019,county,tasks,8,2019--croatia-astronomy--county--tasks--hr--ispit-zup--official.pdf,"possible_duplicate:1, source_variant:27"
rg_0318,croatia_astronomy,2019,county,solutions,8,2019--croatia-astronomy--county--solutions--hr--rjesenja-zup--official.pdf,"possible_duplicate:3, source_variant:25"
rg_0319,croatia_astronomy,2019,school,tasks,12,2019--croatia-astronomy--school--tasks--hr--rjeenja-sk--official.pdf,"possible_duplicate:10, source_variant:56"
rg_0320,croatia_astronomy,2019,school,solutions,4,2019--croatia-astronomy--school--solutions--hr--rjesenja-sk--official.pdf,"possible_duplicate:1, source_variant:5"
rg_0321,croatia_astronomy,2019,state,tasks,8,2019--croatia-astronomy--state--tasks--hr--r-ispit-drz--official-v5.pdf,"possible_duplicate:6, source_variant:22"
rg_0322,croatia_astronomy,2019,state,solutions,8,2019--croatia-astronomy--state--solutions--hr--r-rjesenje-drz--official.pdf,"possible_duplicate:2, source_variant:26"
rg_0323,croatia_astronomy,2020,school,tasks,16,2020--croatia-astronomy--school--tasks--hr--r-ispit-zup--official.pdf,"possible_duplicate:38, source_variant:82"
rg_0324,croatia_astronomy,2020,school,solutions,16,2020--croatia-astronomy--school--solutions--hr--r-rjesenja-zup--official.pdf,"possible_duplicate:38, source_variant:82"
rg_0325,croatia_astronomy,2021,county,tasks,8,2021--croatia-astronomy--county--tasks--hr--zu-5ros-ispit--official.pdf,"possible_duplicate:7, source_variant:21"
rg_0326,croatia_astronomy,2021,county,solutions,8,2021--croatia-astronomy--county--solutions--hr--zu-5ros-rjesenja--official.pdf,"possible_duplicate:7, source_variant:21"
rg_0327,croatia_astronomy,2021,school,tasks,8,2021--croatia-astronomy--school--tasks--hr--sk-2rss-ispit--official.pdf,"possible_duplicate:6, source_variant:22"
rg_0328,croatia_astronomy,2021,school,solutions,8,2021--croatia-astronomy--school--solutions--hr--sk-2rss-rjesenja--official.pdf,source_variant:28
rg_0329,croatia_astronomy,2021,state,tasks,8,2021--croatia-astronomy--state--tasks--hr--dr-ros-ispit--official.pdf,source_variant:28
rg_0330,croatia_astronomy,2021,state,solutions,8,2021--croatia-astronomy--state--solutions--hr--dr-7ros-rjesenja--official.pdf,"possible_duplicate:3, source_variant:25"
rg_0331,croatia_astronomy,2022,county,tasks,8,2022--croatia-astronomy--county--tasks--hr--zupanijsko-8ros-ispit--official.pdf,"possible_duplicate:2, source_variant:26"
rg_0332,croatia_astronomy,2022,county,solutions,8,2022--croatia-astronomy--county--solutions--hr--zupanijsko-8ros-rjesenja--official.pdf,source_variant:28
rg_0333,croatia_astronomy,2022,school,tasks,8,2022--croatia-astronomy--school--tasks--hr--skolsko-4rss-ispit--official.pdf,source_variant:28
rg_0334,croatia_astronomy,2022,school,solutions,8,2022--croatia-astronomy--school--solutions--hr--skolsko-4rss-rjesenja--official.pdf,source_variant:28
rg_0335,croatia_astronomy,2022,state,solutions,8,2022--croatia-astronomy--state--solutions--hr--drzavno-8ros-rjesenja--official.pdf,"possible_duplicate:2, source_variant:26"
rg_0336,croatia_astronomy,2022,state,tasks,8,2022--croatia-astronomy--state--tasks--hr--drzavno-8ros-ispit--official.pdf,"possible_duplicate:2, source_variant:26"
rg_0337,croatia_astronomy,2023,unknown,solutions,48,2023--croatia-astronomy--unknown--solutions--hr--astrozu-3rss-rjesenja--official.pdf,"possible_duplicate:631, source_variant:497"
rg_0338,croatia_astronomy,2024,unknown,solutions,48,2024--croatia-astronomy--unknown--solutions--hr--astro24-zu-8ros-rjesenja--official.pdf,"possible_duplicate:630, source_variant:498"
rg_0339,croatia_astronomy,2025,county,solutions,16,2025--croatia-astronomy--county--solutions--hr--astro25-zu-1rss-rjesenja--official.pdf,"possible_duplicate:71, source_variant:49"
rg_0340,croatia_astronomy,2025,school,solutions,16,2025--croatia-astronomy--school--solutions--hr--astro25-sk-7ros-rjesenja--official.pdf,"possible_duplicate:66, source_variant:54"
rg_0341,croatia_astronomy,2025,state,solutions,16,2025--croatia-astronomy--state--solutions--hr--astro25-dr-5ros-rjesenja--official.pdf,"possible_duplicate:66, source_variant:54"
rg_0342,croatia_astronomy,2026,county,solutions,16,2026--croatia-astronomy--county--solutions--hr--astro26-zu-4rss-rjesenja--official.pdf,"possible_duplicate:74, source_variant:46"
rg_0343,croatia_astronomy,2026,school,solutions,16,2026--croatia-astronomy--school--solutions--hr--astro26-sk-6ros-rjesenja--official.pdf,"possible_duplicate:64, source_variant:56"
rg_0344,croatia_astronomy,2026,state,solutions,16,2026--croatia-astronomy--state--solutions--hr--astro26-dn-4rss-rjesenja--official.pdf,"possible_duplicate:79, source_variant:41"
rg_0345,czech_astronomy,2026,final,solutions,6,2026--czech-astronomy--final--solutions--cs--theory--official-v2.pdf,"possible_duplicate:12, source_variant:2"
rg_0346,czech_astronomy,2026,regional,solutions,4,2026--czech-astronomy--regional--solutions--cs--reseni-zobrazit-application-mb--official.pdf,"possible_duplicate:5, source_variant:1"
rg_0347,czech_astronomy,2026,school,solutions,4,2026--czech-astronomy--school--solutions--cs--reseni-zobrazit-application-mb--official-v3.pdf,"possible_duplicate:5, source_variant:1"
rg_0348,iao,1996,observational,info,2,1996--iao--observational--info--en--telescope--info-page--archive.html,source_variant:1
rg_0349,iao,1996,unknown,info,7,1996--iao--unknown--info--en--info-page--archive.html,possible_duplicate:13
rg_0350,iao,1997,unknown,info,23,1997--iao--unknown--info--en--info-page--archive-v7.html,"exact_duplicate:1, possible_duplicate:75, reformatted_version:22, source_variant:11"
rg_0351,iao,1998,unknown,info,3,1998--iao--unknown--info--en--info-page--archive.html,exact_duplicate:1
rg_0352,iao,2005,unknown,regulations,25,2005--iao--unknown--regulations--en--regulations--info-page--archive.html,exact_duplicate:300
rg_0353,iao,1997,unknown,tasks,3,1997--iao--unknown--tasks--en--tasks-page--archive.html,"possible_duplicate:1, reformatted_version:2"
rg_0354,iao,1998,observational,tasks,2,1998--iao--observational--tasks--en--telescope--tasks-page--archive.html,reformatted_version:1
rg_0355,iao,1998,theoretical,tasks,2,1998--iao--theoretical--tasks--en--data-analysis--problem-sheet--mirror.pdf,possible_duplicate:1
rg_0356,iao,1998,unknown,tasks,3,1998--iao--unknown--tasks--en--tasks-page--archive-v3.html,possible_duplicate:2
rg_0357,iao,1999,theoretical,tasks,2,1999--iao--theoretical--tasks--en--data-analysis--problem-sheet--mirror.pdf,source_variant:1
rg_0358,iao,1999,unknown,info,2,1999--iao--unknown--info--en--info-page--mirror.html,exact_duplicate:1
rg_0359,iao,1999,unknown,tasks,4,1999--iao--unknown--tasks--en--tasks-page--archive-v3.html,"possible_duplicate:3, reformatted_version:3"
rg_0360,iao,2000,theoretical,tasks,2,2000--iao--theoretical--tasks--en--theory--problem-sheet--mirror.pdf,source_variant:1
rg_0361,iao,2000,unknown,info,2,2000--iao--unknown--info--en--info-page--mirror.html,exact_duplicate:1
rg_0362,iao,2003,observational,solutions,2,2003--iao--observational--solutions--en--observational--archive-combined-v2.doc,source_variant:1
rg_0363,iao,2003,observational,tasks,2,2003--iao--observational--tasks--en--observational--archive-v2.doc,source_variant:1
rg_0364,iao,2003,theoretical,solutions,3,2003--iao--theoretical--solutions--en--theory--archive-combined.doc,"reformatted_version:2, source_variant:1"
rg_0365,iao,2003,theoretical,tasks,3,2003--iao--theoretical--tasks--en--theory--archive.doc,"possible_duplicate:1, reformatted_version:2"
rg_0366,iao,2003,unknown,info,2,2003--iao--unknown--info--en--info-page--mirror.html,exact_duplicate:1
rg_0367,iao,2004,unknown,info,2,2004--iao--unknown--info--en--info-page--mirror.html,exact_duplicate:1
rg_0368,iao,2006,team,info,24,2006--iao--team--info--en--team--archive.doc,"exact_duplicate:2, possible_duplicate:105, reformatted_version:23, source_variant:26"
rg_0369,iao,2006,team,tasks,3,2006--iao--team--tasks--en--team--questions--tasks-page--archive.html,exact_duplicate:3
rg_0370,iao,2006,theoretical,tasks,2,2006--iao--theoretical--tasks--en--data-analysis--problem-sheet--mirror.pdf,source_variant:1
rg_0371,iao,2006,unknown,info,26,2006--iao--unknown--info--en--info-page--archive-v16.html,"exact_duplicate:3, possible_duplicate:138, source_variant:56"
rg_0372,iao,2006,unknown,regulations,8,2006--iao--unknown--regulations--en--info-page--archive-v2.html,"exact_duplicate:4, possible_duplicate:11"
rg_0373,iao,2010,unknown,regulations,2,2010--iao--unknown--regulations--en--regulations--info-page--archive.html,exact_duplicate:1
rg_0374,iao,2011,unknown,regulations,5,2011--iao--unknown--regulations--en--regulations--info-page--archive.html,exact_duplicate:10
rg_0375,iao,1996,unknown,regulations,3,1996--iao--unknown--regulations--en--regulations--info-page--archive.html,exact_duplicate:3
rg_0376,iao,2006,unknown,tasks,3,2006--iao--unknown--tasks--en--tasks-page--archive.html,exact_duplicate:1
rg_0377,iao,2007,theoretical,solutions,2,2007--iao--theoretical--solutions--en--theory--solution-sheet--mirror.pdf,source_variant:1
rg_0378,iao,2007,theoretical,tasks,2,2007--iao--theoretical--tasks--en--data-analysis--problem-sheet--mirror.pdf,possible_duplicate:1
rg_0379,iao,2009,theoretical,solutions,2,2009--iao--theoretical--solutions--en--theory--solution-sheet--mirror.pdf,possible_duplicate:1
rg_0380,iao,2009,theoretical,tasks,2,2009--iao--theoretical--tasks--en--theory--problem-sheet--mirror.pdf,source_variant:1
rg_0381,iao,2010,theoretical,solutions,2,2010--iao--theoretical--solutions--en--theory--solution-sheet--mirror.pdf,possible_duplicate:1
rg_0382,iao,2010,theoretical,tasks,2,2010--iao--theoretical--tasks--en--data-analysis--problem-sheet--mirror.pdf,source_variant:1
rg_0383,iao,2011,theoretical,tasks,2,2011--iao--theoretical--tasks--en--data-analysis--problem-sheet--mirror.pdf,source_variant:1
rg_0384,iao,2012,theoretical,solutions,2,2012--iao--theoretical--solutions--en--data-analysis--solution-sheet--mirror.pdf,possible_duplicate:1
rg_0385,iao,2012,theoretical,tasks,2,2012--iao--theoretical--tasks--en--data-analysis--problem-sheet--mirror.pdf,source_variant:1
rg_0386,iao,2013,theoretical,solutions,2,2013--iao--theoretical--solutions--en--theory--solution-sheet--mirror.pdf,possible_duplicate:1
rg_0387,iao,2013,theoretical,tasks,2,2013--iao--theoretical--tasks--en--data-analysis--problem-sheet--mirror.pdf,source_variant:1
rg_0388,iao,2014,theoretical,tasks,2,2014--iao--theoretical--tasks--en--theory--problem-sheet--mirror.pdf,source_variant:1
rg_0389,iao,2015,theoretical,tasks,2,2015--iao--theoretical--tasks--en--theory--problem-sheet--mirror.pdf,possible_duplicate:1
rg_0390,iao,2016,theoretical,solutions,2,2016--iao--theoretical--solutions--en--theory--solution-sheet--mirror.pdf,source_variant:1
rg_0391,iao,2016,theoretical,tasks,2,2016--iao--theoretical--tasks--en--theory--problem-sheet--mirror.pdf,source_variant:1
rg_0392,iao,2017,theoretical,solutions,2,2017--iao--theoretical--solutions--en--theory--solution-sheet--mirror.pdf,possible_duplicate:1
rg_0393,iao,2017,theoretical,tasks,2,2017--iao--theoretical--tasks--en--theory--problem-sheet--mirror.pdf,possible_duplicate:1
rg_0394,iao,2018,theoretical,tasks,2,2018--iao--theoretical--tasks--en--theory--problem-sheet--mirror.pdf,source_variant:1
rg_0395,iao,2019,theoretical,tasks,2,2019--iao--theoretical--tasks--en--data-analysis--problem-sheet--mirror.pdf,possible_duplicate:1
rg_0396,iao,2021,theoretical,solutions,2,2021--iao--theoretical--solutions--en--data-analysis--solution-sheet--mirror.pdf,source_variant:1
rg_0397,iao,2021,theoretical,tasks,2,2021--iao--theoretical--tasks--en--theory--problem-sheet--mirror.pdf,source_variant:1
rg_0398,inao,2009,national,solutions,2,2009--inao--national--solutions--en--questions--official-v2.pdf,source_variant:1
rg_0399,inao,2009,national,tasks,2,2009--inao--national--tasks--en--questions--official-v2.pdf,source_variant:1
rg_0400,inao,2010,national,solutions,2,2010--inao--national--solutions--en--questions--official-v2.pdf,source_variant:1
rg_0401,inao,2010,national,tasks,2,2010--inao--national--tasks--en--questions--official-v2.pdf,source_variant:1
rg_0402,inao,2019,national,tasks,2,2019--inao--national--tasks--en--questions--official.pdf,translated_version:1
rg_0403,inao,2020,national,tasks,2,2020--inao--national--tasks--en--questions--official.pdf,translated_version:1
rg_0404,inao,2021,national,tasks,2,2021--inao--national--tasks--en--questions--official.pdf,translated_version:1
rg_0405,inao,2022,national,tasks,2,2022--inao--national--tasks--en--questions--official.pdf,translated_version:1
rg_0406,inao,2023,national,tasks,2,2023--inao--national--tasks--en--questions--official.pdf,translated_version:1
rg_0407,inao,2024,national,solutions,2,2024--inao--national--solutions--en--questions--official.pdf,possible_duplicate:1
rg_0408,inao,2024,national,tasks,2,2024--inao--national--tasks--hi--questions--official.pdf,translated_version:1
rg_0409,inao,2025,national,solutions,2,2025--inao--national--solutions--en--questions--official.pdf,possible_duplicate:1
rg_0410,inao,2025,national,tasks,2,2025--inao--national--tasks--en--questions--official.pdf,translated_version:1
rg_0411,inao,2026,national,tasks,2,2026--inao--national--tasks--hi--questions--official.pdf,translated_version:1
rg_0412,ioaa,2007,theoretical,solutions,2,2007--ioaa--theoretical--solutions--en--theory--official-combined.pdf,partial_overlap:1
rg_0413,ioaa,2007,theoretical,tasks,2,2007--ioaa--theoretical--tasks--en--theory--official.pdf,possible_duplicate:1
rg_0414,ioaa,2008,theoretical,solutions,2,2008--ioaa--theoretical--solutions--en--theory--official-combined-v2.pdf,partial_overlap:1
rg_0415,ioaa,2008,theoretical,tasks,3,2008--ioaa--theoretical--tasks--en--data-analysis--official.pdf,possible_duplicate:3
rg_0416,ioaa,2009,theoretical,solutions,3,2009--ioaa--theoretical--solutions--en--theory--official-combined-v2.pdf,source_variant:3
rg_0417,ioaa,2009,theoretical,tasks,4,2009--ioaa--theoretical--tasks--en--theory--official-v2.pdf,"possible_duplicate:3, source_variant:3"
rg_0418,ioaa,2010,theoretical,tasks,3,2010--ioaa--theoretical--tasks--en--data-analysis--official.pdf,"partial_overlap:2, source_variant:1"
rg_0419,ioaa,2011,observational,tasks,2,2011--ioaa--observational--tasks--en--observational--night--official.pdf,possible_duplicate:1
rg_0420,ioaa,2011,theoretical,tasks,3,2011--ioaa--theoretical--tasks--en--data-analysis--official.pdf,"possible_duplicate:2, source_variant:1"
rg_0421,ioaa,2012,theoretical,tasks,3,2012--ioaa--theoretical--tasks--en--theory--official.pdf,"possible_duplicate:2, source_variant:1"
rg_0422,ioaa,2012,unknown,solutions,2,2012--ioaa--unknown--solutions--en--only--mirror.pdf,partial_overlap:1
rg_0423,ioaa,2013,observational,tasks,2,2013--ioaa--observational--tasks--en--test--night--official.pdf,source_variant:1
rg_0424,ioaa,2013,team,tasks,2,2013--ioaa--team--tasks--en--team--questions--official.pdf,source_variant:1
rg_0425,ioaa,2013,theoretical,solutions,2,2013--ioaa--theoretical--solutions--en--theory--official-combined-v2.pdf,partial_overlap:1
rg_0426,ioaa,2014,observational,tasks,2,2014--ioaa--observational--tasks--en--observational--official-v2.pdf,possible_duplicate:1
rg_0427,ioaa,2014,theoretical,solutions,2,2014--ioaa--theoretical--solutions--en--theory--official-combined-v2.pdf,source_variant:1
rg_0428,ioaa,2014,theoretical,tasks,2,2014--ioaa--theoretical--tasks--en--theory--official.pdf,possible_duplicate:1
rg_0429,ioaa,2015,theoretical,solutions,4,2015--ioaa--theoretical--solutions--en--theory--official-combined-v3.pdf,"exact_duplicate:1, partial_overlap:2, source_variant:3"
rg_0430,ioaa,2015,theoretical,tasks,5,2015--ioaa--theoretical--tasks--en--theory--official.pdf,"possible_duplicate:2, source_variant:3"
rg_0431,ioaa,2016,theoretical,solutions,2,2016--ioaa--theoretical--solutions--en--theory--official-combined.pdf,source_variant:1
rg_0432,ioaa,2016,unknown,solutions,2,2016--ioaa--unknown--solutions--en--data-analysis--mirror-combined.pdf,source_variant:1
rg_0433,ioaa,2017,observational,tasks,2,2017--ioaa--observational--tasks--en--observational--official-v2.pdf,source_variant:1
rg_0434,ioaa,2017,theoretical,solutions,2,2017--ioaa--theoretical--solutions--en--theory--official-combined.pdf,partial_overlap:1
rg_0435,ioaa,2017,theoretical,tasks,2,2017--ioaa--theoretical--tasks--en--theory--official-v2.pdf,source_variant:1
rg_0436,ioaa,2017,unknown,solutions,2,2017--ioaa--unknown--solutions--en--data-analysis--mirror-combined.pdf,source_variant:1
rg_0437,ioaa,2018,observational,tasks,2,2018--ioaa--observational--tasks--en--observational--official.pdf,possible_duplicate:1
rg_0438,ioaa,2018,theoretical,solutions,2,2018--ioaa--theoretical--solutions--en--theory--official-combined.pdf,source_variant:1
rg_0439,ioaa,2018,theoretical,tasks,2,2018--ioaa--theoretical--tasks--en--theory--official.pdf,source_variant:1
rg_0440,ioaa,2018,unknown,solutions,2,2018--ioaa--unknown--solutions--en--data-analysis--mirror-combined.pdf,source_variant:1
rg_0441,ioaa,2019,observational,solutions,2,2019--ioaa--observational--solutions--en--observational--official-combined-v2.pdf,partial_overlap:1
rg_0442,ioaa,2019,observational,tasks,2,2019--ioaa--observational--tasks--en--observational--official-v2.pdf,source_variant:1
rg_0443,ioaa,2019,theoretical,solutions,4,2019--ioaa--theoretical--solutions--en--theory--official-combined-v3.pdf,"exact_duplicate:1, partial_overlap:4, source_variant:1"
rg_0444,ioaa,2019,theoretical,tasks,2,2019--ioaa--theoretical--tasks--en--theory--official-v2.pdf,source_variant:1
rg_0445,ioaa,2021,observational,info,2,2021--ioaa--observational--info--en--planetarium--mirror.pdf,possible_duplicate:1
rg_0446,ioaa,2021,observational,solutions,2,2021--ioaa--observational--solutions--en--planetarium--exam--official-combined.pdf,source_variant:1
rg_0447,ioaa,2021,observational,tasks,4,2021--ioaa--observational--tasks--en--observational--exam--official.pdf,"possible_duplicate:3, source_variant:3"
rg_0448,ioaa,2021,theoretical,info,2,2021--ioaa--theoretical--info--en--theory--mirror.pdf,possible_duplicate:1
rg_0449,ioaa,2021,theoretical,solutions,3,2021--ioaa--theoretical--solutions--en--theory--official-combined.pdf,"partial_overlap:2, source_variant:1"
rg_0450,ioaa,2021,theoretical,tasks,4,2021--ioaa--theoretical--tasks--en--theory--official.pdf,"possible_duplicate:3, source_variant:3"
rg_0451,ioaa,2021,unknown,info,8,2021--ioaa--unknown--info--en--th-eng--mirror.pdf,"possible_duplicate:13, source_variant:14"
rg_0452,ioaa,2022,observational,tasks,3,2022--ioaa--observational--tasks--en--observational--official.pdf,"possible_duplicate:2, source_variant:1"
rg_0453,ioaa,2022,theoretical,tasks,2,2022--ioaa--theoretical--tasks--en--theory--official-v2.pdf,source_variant:1
rg_0454,ioaa,2023,observational,solutions,2,2023--ioaa--observational--solutions--en--observational--questions--official-combined.pdf,partial_overlap:1
rg_0455,ioaa,2023,theoretical,solutions,4,2023--ioaa--theoretical--solutions--en--data-analysis--questions--official-combined.pdf,"partial_overlap:2, source_variant:4"
rg_0456,ioaa,2024,observational,tasks,2,2024--ioaa--observational--tasks--en--observational--official.pdf,possible_duplicate:1
rg_0457,ioaa,2024,theoretical,marking,2,2024--ioaa--theoretical--marking--en--theory--official-combined.pdf,partial_overlap:1
rg_0458,ioaa,2024,theoretical,solutions,2,2024--ioaa--theoretical--solutions--en--theory--official-combined.pdf,source_variant:1
rg_0459,ioaa,2024,theoretical,tasks,2,2024--ioaa--theoretical--tasks--en--theory--official.pdf,possible_duplicate:1
rg_0460,ioaa,2025,observational,solutions,5,2025--ioaa--observational--solutions--en--sky-map--official-combined.pdf,"partial_overlap:7, source_variant:3"
rg_0461,ioaa,2025,observational,tasks,6,2025--ioaa--observational--tasks--en--telescope--questions--official.pdf,"possible_duplicate:6, source_variant:9"
rg_0462,ioaa,2025,team,solutions,2,2025--ioaa--team--solutions--en--team--official-combined.pdf,partial_overlap:1
rg_0463,ioaa,2025,team,tasks,2,2025--ioaa--team--tasks--en--team--official.pdf,possible_duplicate:1
rg_0464,ioaa,2025,theoretical,solutions,2,2025--ioaa--theoretical--solutions--en--theory--official-combined.pdf,partial_overlap:1
rg_0465,ioaa,2025,theoretical,tasks,2,2025--ioaa--theoretical--tasks--en--theory--questions--official.pdf,possible_duplicate:1
rg_0466,ioaa,2025,unknown,solutions,7,2025--ioaa--unknown--solutions--en--data-analysis--official-combined.pdf,"partial_overlap:13, source_variant:8"
rg_0467,ioaa,2025,unknown,tasks,7,2025--ioaa--unknown--tasks--en--data-analysis--questions--official.pdf,"possible_duplicate:10, source_variant:11"
rg_0468,mao,2017,distant,solutions,2,2017--mao--distant--solutions--ru--grade-10-11--selection--official-combined.pdf,source_variant:1
rg_0469,mao,2017,distant,tasks,2,2017--mao--distant--tasks--ru--grade-10-11--selection--official.pdf,source_variant:1
rg_0470,mao,2018,theoretical,marking,4,2018--mao--theoretical--marking--ru--grade-10-11--official-combined.pdf,"partial_overlap:1, source_variant:5"
rg_0471,mao,2019,distant,tasks,2,2019--mao--distant--tasks--ru--grade-5-11--official-v2.pdf,source_variant:1
rg_0472,mao,2020,distant,tasks,2,2020--mao--distant--tasks--ru--grade-5-11--official-v2.pdf,possible_duplicate:1
rg_0473,mao,2021,distant,tasks,2,2021--mao--distant--tasks--ru--grade-5-11--official.pdf,possible_duplicate:1
rg_0474,mao,2022,distant,tasks,3,2022--mao--distant--tasks--ru--grade-5-11--official.pdf,"possible_duplicate:1, source_variant:2"
rg_0475,mao,2023,distant,tasks,5,2023--mao--distant--tasks--ru--grade-10-11--official.pdf,"possible_duplicate:6, source_variant:3"
rg_0476,mao,2024,distant,tasks,7,2024--mao--distant--tasks--ru--grade-10-11--official.pdf,"possible_duplicate:15, source_variant:6"
rg_0477,mao,2025,distant,tasks,8,2025--mao--distant--tasks--ru--grade-10-11--official.pdf,"possible_duplicate:8, source_variant:20"
rg_0478,mao,2026,distant,tasks,13,2026--mao--distant--tasks--ru--grade-10-11--official.pdf,"possible_duplicate:47, source_variant:31"
rg_0479,nepal_astronomy,,practice,tasks,2,unknown-year--nepal-astronomy--practice--tasks--en--junior--official.pdf,source_variant:1
rg_0480,poland_astronomy,,national,tasks,4,unknown-year--poland-astronomy--national--tasks--pl--planetarium--official-v3.pdf,"possible_duplicate:3, source_variant:3"
rg_0481,russia_team_qual,2016,theoretical,tasks,4,2016--russia-team-qual--theoretical--tasks--ru--q16-summer-t--official.pdf,"possible_duplicate:5, source_variant:1"
rg_0482,russia_team_qual,2017,theoretical,tasks,4,2017--russia-team-qual--theoretical--tasks--ru--q17-winter-d--official.pdf,"possible_duplicate:5, source_variant:1"
rg_0483,russia_team_qual,2018,theoretical,tasks,4,2018--russia-team-qual--theoretical--tasks--ru--q18-winter-d--official.pdf,"possible_duplicate:3, source_variant:3"
rg_0484,russia_team_qual,2019,theoretical,tasks,4,2019--russia-team-qual--theoretical--tasks--ru--q19-summer-d--official.pdf,"possible_duplicate:3, source_variant:3"
rg_0485,russia_team_qual,2021,theoretical,tasks,6,2021--russia-team-qual--theoretical--tasks--ru--q21s3d--official.pdf,"possible_duplicate:11, source_variant:4"
rg_0486,russia_team_qual,2022,theoretical,tasks,6,2022--russia-team-qual--theoretical--tasks--ru--q22s2d--official.pdf,"possible_duplicate:12, source_variant:3"
rg_0487,russia_team_qual,2023,theoretical,tasks,10,2023--russia-team-qual--theoretical--tasks--ru--q23s2d-files--official.zip,"possible_duplicate:14, reformatted_version:21, source_variant:10"
rg_0488,russia_team_qual,2024,theoretical,tasks,11,2024--russia-team-qual--theoretical--tasks--ru--q24s2d-files--official.zip,"possible_duplicate:26, reformatted_version:24, source_variant:5"
rg_0489,russia_team_qual,2025,theoretical,tasks,11,2025--russia-team-qual--theoretical--tasks--ru--q25s2d-files--official.zip,"possible_duplicate:21, reformatted_version:24, source_variant:10"
rg_0490,russia_team_qual,2026,theoretical,tasks,11,2026--russia-team-qual--theoretical--tasks--ru--q26s1d-files--official.zip,"possible_duplicate:17, reformatted_version:24, source_variant:14"
rg_0491,spbao,2010,observational,tasks,4,2010--spbao--observational--tasks--ru--grade-10--observational--archive.pdf,possible_duplicate:6
rg_0492,spbao,2010,theoretical,solutions,5,2010--spbao--theoretical--solutions--ru--grade-11--theory--archive-combined.pdf,"partial_overlap:4, source_variant:6"
rg_0493,spbao,2010,theoretical,tasks,5,2010--spbao--theoretical--tasks--ru--grade-10--theory--archive.pdf,source_variant:10
rg_0494,spbao,2010,unknown,solutions,5,2010--spbao--unknown--solutions--ru--grade-9--rayon--archive-combined.pdf,source_variant:10
rg_0495,spbao,2010,unknown,tasks,5,2010--spbao--unknown--tasks--ru--grade-7-8--rayon--archive.pdf,source_variant:10
rg_0496,spbao,2011,observational,solutions,5,2011--spbao--observational--solutions--ru--grade-7-8--observational--archive-combined.pdf,source_variant:10
rg_0497,spbao,2011,observational,tasks,5,2011--spbao--observational--tasks--ru--grade-7-8--observational--archive.pdf,source_variant:10
rg_0498,spbao,2011,qualifying,solutions,10,2011--spbao--qualifying--solutions--ru--grade-10--archive-combined-v2.pdf,source_variant:45
rg_0499,spbao,2011,qualifying,tasks,10,2011--spbao--qualifying--tasks--ru--grade-7--archive.pdf,"possible_duplicate:1, source_variant:44"
rg_0500,spbao,2011,theoretical,solutions,5,2011--spbao--theoretical--solutions--ru--grade-11--theory--archive-combined.pdf,"partial_overlap:4, source_variant:6"
rg_0501,spbao,2011,theoretical,tasks,5,2011--spbao--theoretical--tasks--ru--grade-10--theory--archive.pdf,source_variant:10
rg_0502,spbao,2014,observational,tasks,5,2014--spbao--observational--tasks--ru--grade-11--practical--archive.pdf,"possible_duplicate:6, source_variant:4"
rg_0503,spbao,2014,qualifying,tasks,10,2014--spbao--qualifying--tasks--ru--grade-11--selection--archive.pdf,"possible_duplicate:4, source_variant:41"
rg_0504,spbao,2014,theoretical,tasks,5,2014--spbao--theoretical--tasks--ru--grade-11--theory--archive.pdf,source_variant:10
rg_0505,spbao,2015,qualifying,solutions,5,2015--spbao--qualifying--solutions--ru--grade-5-6--archive-combined.pdf,"partial_overlap:3, source_variant:7"
rg_0506,spbao,2015,qualifying,tasks,5,2015--spbao--qualifying--tasks--ru--grade-11--archive.pdf,source_variant:10
rg_0507,spbao,2015,theoretical,solutions,5,2015--spbao--theoretical--solutions--ru--grade-10--theory--archive-combined.pdf,source_variant:10
rg_0508,spbao,2015,theoretical,tasks,4,2015--spbao--theoretical--tasks--ru--grade-11--theory--archive.pdf,source_variant:6
rg_0509,spbao,2015,unknown,solutions,5,2015--spbao--unknown--solutions--ru--grade-7--archive-combined.pdf,"partial_overlap:3, source_variant:7"
rg_0510,spbao,2015,unknown,tasks,6,2015--spbao--unknown--tasks--ru--grade-7--archive.pdf,"possible_duplicate:9, source_variant:6"
rg_0511,spbao,2016,observational,solutions,5,2016--spbao--observational--solutions--ru--grade-10--practical--archive-combined.pdf,source_variant:10
rg_0512,spbao,2016,observational,tasks,5,2016--spbao--observational--tasks--ru--grade-10--practical--archive.pdf,source_variant:10
rg_0513,spbao,2016,qualifying,solutions,5,2016--spbao--qualifying--solutions--ru--grade-10--selection--archive-combined.pdf,source_variant:10
rg_0514,spbao,2016,qualifying,tasks,5,2016--spbao--qualifying--tasks--ru--grade-11--selection--archive.pdf,source_variant:10
rg_0515,spbao,2016,theoretical,solutions,5,2016--spbao--theoretical--solutions--ru--grade-7-8--theory--archive-combined.pdf,source_variant:10
rg_0516,spbao,2016,theoretical,tasks,5,2016--spbao--theoretical--tasks--ru--grade-10--theory--archive.pdf,source_variant:10
rg_0517,spbao,2017,observational,solutions,5,2017--spbao--observational--solutions--ru--grade-10--observational--archive-combined.pdf,source_variant:10
rg_0518,spbao,2017,observational,tasks,5,2017--spbao--observational--tasks--ru--grade-11--observational--archive.pdf,source_variant:10
rg_0519,spbao,2017,qualifying,solutions,5,2017--spbao--qualifying--solutions--ru--grade-11--selection--archive-combined.pdf,source_variant:10
rg_0520,spbao,2017,qualifying,tasks,5,2017--spbao--qualifying--tasks--ru--grade-11--selection--archive.pdf,source_variant:10
rg_0521,spbao,2017,theoretical,solutions,5,2017--spbao--theoretical--solutions--ru--grade-10--theory--archive-combined.pdf,source_variant:10
rg_0522,spbao,2017,theoretical,tasks,5,2017--spbao--theoretical--tasks--ru--grade-10--theory--archive.pdf,source_variant:10
rg_0523,spbao,2018,observational,solutions,5,2018--spbao--observational--solutions--ru--grade-11--practical--archive-combined.pdf,"partial_overlap:4, source_variant:6"
rg_0524,spbao,2018,observational,tasks,5,2018--spbao--observational--tasks--ru--grade-11--practical--archive.pdf,"possible_duplicate:1, source_variant:9"
rg_0525,spbao,2018,qualifying,solutions,5,2018--spbao--qualifying--solutions--ru--grade-10--selection--archive-combined.pdf,source_variant:10
rg_0526,spbao,2018,qualifying,tasks,5,2018--spbao--qualifying--tasks--ru--grade-11--selection--archive.pdf,source_variant:10
rg_0527,spbao,2018,theoretical,solutions,5,2018--spbao--theoretical--solutions--ru--grade-11--theory--archive-combined.pdf,source_variant:10
rg_0528,spbao,2018,theoretical,tasks,5,2018--spbao--theoretical--tasks--ru--grade-11--theory--archive.pdf,source_variant:10
rg_0529,spbao,2019,observational,solutions,5,2019--spbao--observational--solutions--ru--grade-9--practical--archive-combined.pdf,"partial_overlap:4, source_variant:6"
rg_0530,spbao,2019,observational,tasks,5,2019--spbao--observational--tasks--ru--grade-9--practical--archive.pdf,"possible_duplicate:4, source_variant:6"
rg_0531,spbao,2019,qualifying,solutions,5,2019--spbao--qualifying--solutions--ru--grade-9--selection--archive-combined.pdf,source_variant:10
rg_0532,spbao,2019,qualifying,tasks,5,2019--spbao--qualifying--tasks--ru--grade-11--selection--archive.pdf,source_variant:10
rg_0533,spbao,2019,theoretical,solutions,5,2019--spbao--theoretical--solutions--ru--grade-10--theory--archive-combined.pdf,source_variant:10
rg_0534,spbao,2019,theoretical,tasks,5,2019--spbao--theoretical--tasks--ru--grade-11--theory--archive.pdf,source_variant:10
rg_0535,spbao,2020,final,tasks,5,2020--spbao--final--tasks--ru--grade-9--school--practical--official-combined.pdf,"partial_overlap:8, source_variant:2"
rg_0536,spbao,2020,observational,solutions,5,2020--spbao--observational--solutions--ru--grade-10--practical--archive-combined.pdf,"partial_overlap:3, source_variant:7"
rg_0537,spbao,2020,observational,tasks,5,2020--spbao--observational--tasks--ru--grade-11--practical--archive.pdf,"possible_duplicate:5, source_variant:5"
rg_0538,spbao,2020,qualifying,solutions,5,2020--spbao--qualifying--solutions--ru--grade-9--selection--archive-combined.pdf,source_variant:10
rg_0539,spbao,2020,qualifying,tasks,5,2020--spbao--qualifying--tasks--ru--grade-11--selection--archive.pdf,source_variant:10
rg_0540,spbao,2020,theoretical,solutions,5,2020--spbao--theoretical--solutions--ru--grade-11--theory--archive-combined.pdf,source_variant:10
rg_0541,spbao,2020,theoretical,tasks,5,2020--spbao--theoretical--tasks--ru--grade-11--theory--archive.pdf,source_variant:10
rg_0542,spbao,2021,final,tasks,10,2021--spbao--final--tasks--ru--grade-10--school--practical--official-combined.pdf,"partial_overlap:32, source_variant:13"
rg_0543,spbao,2021,observational,solutions,5,2021--spbao--observational--solutions--ru--grade-10--practical--archive-combined.pdf,source_variant:10
rg_0544,spbao,2021,observational,tasks,5,2021--spbao--observational--tasks--ru--grade-7-8--practical--archive.pdf,source_variant:10
rg_0545,spbao,2021,qualifying,solutions,5,2021--spbao--qualifying--solutions--ru--grade-10--selection--archive-combined.pdf,source_variant:10
rg_0546,spbao,2021,qualifying,tasks,10,2021--spbao--qualifying--tasks--ru--grade-9--school--official-combined.pdf,"partial_overlap:25, possible_duplicate:4, source_variant:16"
rg_0547,spbao,2021,regional,tasks,4,2021--spbao--regional--tasks--ru--grade-10--school--official-combined.pdf,source_variant:6
rg_0548,spbao,2021,theoretical,solutions,5,2021--spbao--theoretical--solutions--ru--grade-7-8--theory--archive-combined.pdf,source_variant:10
rg_0549,spbao,2021,theoretical,tasks,5,2021--spbao--theoretical--tasks--ru--grade-11--theory--archive.pdf,source_variant:10
rg_0550,spbao,2022,final,tasks,10,2022--spbao--final--tasks--ru--grade-9--school--practical--official-combined.pdf,"partial_overlap:24, source_variant:21"
rg_0551,spbao,2022,qualifying,tasks,5,2022--spbao--qualifying--tasks--ru--grade-11--school--official-combined.pdf,source_variant:10
rg_0552,spbao,2022,regional,tasks,4,2022--spbao--regional--tasks--ru--grade-10--school--official-combined.pdf,source_variant:6
rg_0553,spbao,2023,final,solutions,5,2023--spbao--final--solutions--ru--grade-9--school--theory--official-annotated-combined.pdf,annotated_version:10
rg_0554,spbao,2023,final,tasks,5,2023--spbao--final--tasks--ru--grade-7-8--school--practical--official-combined.pdf,"partial_overlap:8, source_variant:2"
rg_0555,spbao,2023,observational,solutions,5,2023--spbao--observational--solutions--ru--grade-11--practical--archive-combined.pdf,"partial_overlap:4, source_variant:6"
rg_0556,spbao,2023,observational,tasks,5,2023--spbao--observational--tasks--ru--grade-11--practical--archive.pdf,"possible_duplicate:2, source_variant:8"
rg_0557,spbao,2023,qualifying,tasks,10,2023--spbao--qualifying--tasks--ru--grade-10--school--official-combined.pdf,"partial_overlap:27, source_variant:18"
rg_0558,spbao,2023,regional,solutions,10,2023--spbao--regional--solutions--ru--grade-9--school--official-v2.pdf,"possible_duplicate:13, source_variant:32"
rg_0559,spbao,2023,theoretical,solutions,5,2023--spbao--theoretical--solutions--ru--grade-9--theory--archive-combined.pdf,source_variant:10
rg_0560,spbao,2023,theoretical,tasks,5,2023--spbao--theoretical--tasks--ru--grade-11--theory--archive.pdf,source_variant:10
rg_0561,spbao,2024,final,tasks,10,2024--spbao--final--tasks--ru--grade-11--school--practical--official-combined.pdf,"partial_overlap:25, source_variant:20"
rg_0562,spbao,2024,observational,solutions,6,2024--spbao--observational--solutions--ru--grade-7-8--practical--archive-combined.pdf,"exact_duplicate:1, partial_overlap:5, source_variant:9"
rg_0563,spbao,2024,observational,tasks,6,2024--spbao--observational--tasks--ru--grade-7-8--practical--archive.pdf,"exact_duplicate:1, possible_duplicate:6, source_variant:8"
rg_0564,spbao,2024,qualifying,tasks,11,2024--spbao--qualifying--tasks--ru--grade-7-8--school--official-combined.pdf,"exact_duplicate:1, partial_overlap:30, source_variant:24"
rg_0565,spbao,2024,theoretical,solutions,6,2024--spbao--theoretical--solutions--ru--grade-11--theory--archive-combined.pdf,"exact_duplicate:1, source_variant:14"
rg_0566,spbao,2024,theoretical,tasks,6,2024--spbao--theoretical--tasks--ru--grade-11--theory--archive.pdf,"exact_duplicate:1, source_variant:14"
rg_0567,spbao,2025,final,tasks,10,2025--spbao--final--tasks--ru--grade-7-8--school--practical--official-combined.pdf,"partial_overlap:33, source_variant:12"
rg_0568,spbao,2025,qualifying,tasks,5,2025--spbao--qualifying--tasks--ru--grade-11--school--official-combined.pdf,source_variant:10
rg_0569,spbao,2026,final,tasks,5,2026--spbao--final--tasks--ru--grade-11--school--theory--official-combined.pdf,"partial_overlap:2, source_variant:8"
rg_0570,spbao,2026,qualifying,tasks,5,2026--spbao--qualifying--tasks--ru--grade-9--school--official-combined.pdf,"partial_overlap:3, source_variant:7"
rg_0571,sri_lanka_astronomy,2011,national,tasks,2,2011--sri-lanka-astronomy--national--tasks--si--test--official.pdf,translated_version:1
rg_0572,sri_lanka_astronomy,2012,national,tasks,2,2012--sri-lanka-astronomy--national--tasks--ta--test--official.pdf,translated_version:1
rg_0573,sri_lanka_astronomy,2015,national,tasks,2,2015--sri-lanka-astronomy--national--tasks--si--test--official.pdf,translated_version:1
rg_0574,sri_lanka_astronomy,2016,national,tasks,2,2016--sri-lanka-astronomy--national--tasks--si--test--official.pdf,translated_version:1
rg_0575,sri_lanka_astronomy,2017,national,tasks,2,2017--sri-lanka-astronomy--national--tasks--si--test--official.pdf,translated_version:1
rg_0576,sri_lanka_astronomy,2018,national,tasks,2,2018--sri-lanka-astronomy--national--tasks--si--test--official.pdf,translated_version:1
rg_0577,sri_lanka_astronomy,2019,national,tasks,3,2019--sri-lanka-astronomy--national--tasks--si--test--official.pdf,translated_version:3
rg_0578,sri_lanka_astronomy,2022,national,tasks,3,2022--sri-lanka-astronomy--national--tasks--si--test--official.pdf,translated_version:3
rg_0579,sri_lanka_junior_astronomy,2011,national,tasks,2,2011--sri-lanka-junior-astronomy--national--tasks--ta--test--official.pdf,translated_version:1
rg_0580,sri_lanka_junior_astronomy,2012,national,tasks,3,2012--sri-lanka-junior-astronomy--national--tasks--si--test--official.pdf,translated_version:3
rg_0581,sri_lanka_junior_astronomy,2013,national,tasks,2,2013--sri-lanka-junior-astronomy--national--tasks--ta--test--official.pdf,translated_version:1
rg_0582,sri_lanka_junior_astronomy,2014,national,tasks,2,2014--sri-lanka-junior-astronomy--national--tasks--ta--test--official.pdf,translated_version:1
rg_0583,sri_lanka_junior_astronomy,2015,national,tasks,2,2015--sri-lanka-junior-astronomy--national--tasks--si--test--official.pdf,translated_version:1
rg_0584,sri_lanka_junior_astronomy,2016,national,tasks,2,2016--sri-lanka-junior-astronomy--national--tasks--ta--test--official.pdf,translated_version:1
rg_0585,sri_lanka_junior_astronomy,2017,national,tasks,2,2017--sri-lanka-junior-astronomy--national--tasks--si--test--official.pdf,translated_version:1
rg_0586,sri_lanka_junior_astronomy,2018,national,tasks,2,2018--sri-lanka-junior-astronomy--national--tasks--si--test--official.pdf,translated_version:1
rg_0587,sri_lanka_junior_astronomy,2019,national,tasks,3,2019--sri-lanka-junior-astronomy--national--tasks--en--test--results--official.pdf,translated_version:3
rg_0588,sri_lanka_junior_astronomy,2022,national,tasks,3,2022--sri-lanka-junior-astronomy--national--tasks--si--test--official.pdf,translated_version:3
rg_0589,struve,2022,regional,solutions,2,2022--struve--regional--solutions--ru--reg-sol--official-combined.pdf,exact_duplicate:1
rg_0590,struve,2022,regional,tasks,4,2022--struve--regional--tasks--ru--reg-prob--official.pdf,"exact_duplicate:2, possible_duplicate:2, source_variant:2"
rg_0591,struve,2023,regional,solutions,4,2023--struve--regional--solutions--ru--reg-sol--official-combined.pdf,"partial_overlap:5, source_variant:1"
rg_0592,struve,2023,regional,tasks,6,2023--struve--regional--tasks--ru--prob-t--official-v2.pdf,"possible_duplicate:2, source_variant:5"
rg_0593,struve,2024,regional,solutions,4,2024--struve--regional--solutions--ru--sol-t--official-combined.pdf,"partial_overlap:5, source_variant:1"
rg_0594,struve,2024,regional,tasks,6,2024--struve--regional--tasks--ru--prob-t--official-v2.pdf,"possible_duplicate:8, source_variant:3"
rg_0595,struve,2025,regional,solutions,4,2025--struve--regional--solutions--ru--sol-t--official-combined.pdf,"partial_overlap:5, source_variant:1"
rg_0596,struve,2025,regional,tasks,6,2025--struve--regional--tasks--ru--prob-t--official.pdf,"exact_duplicate:2, possible_duplicate:6, source_variant:3"
rg_0597,struve,2026,regional,solutions,4,2026--struve--regional--solutions--ru--reg-sol-book--official.pdf,"partial_overlap:3, possible_duplicate:1, source_variant:2"
rg_0598,struve,2026,regional,tasks,6,2026--struve--regional--tasks--ru--prob-t--official.pdf,"possible_duplicate:7, source_variant:4"
rg_0599,usaaao,2020,national,solutions,2,2020--usaaao--national--solutions--en--theory--official.pdf,source_variant:1
rg_0600,usaaao,2020,national,tasks,2,2020--usaaao--national--tasks--en--theory--exam--version-2--official.pdf,source_variant:1
rg_0601,usaaao,2026,selection,info,2,2026--usaaao--selection--info--en--theory--official.pdf,source_variant:1
rg_0602,usaaao,2026,selection,solutions,3,2026--usaaao--selection--solutions--en--practical--official-v2.pdf,possible_duplicate:3
rg_0603,usaaao,2026,selection,tasks,2,2026--usaaao--selection--tasks--en--theory--exam--official.pdf,source_variant:1
rg_0604,vsosh_astronomy,1994,final,solutions,4,1994--vsosh-astronomy--final--solutions--en--theory--archive-combined.pdf,"partial_overlap:2, source_variant:4"
rg_0605,vsosh_astronomy,1994,final,tasks,2,1994--vsosh-astronomy--final--tasks--ru--theory--archive.pdf,source_variant:1
rg_0606,vsosh_astronomy,1995,final,solutions,2,1995--vsosh-astronomy--final--solutions--en--grade-10--theory--archive-combined.pdf,source_variant:1
rg_0607,vsosh_astronomy,1995,final,tasks,3,1995--vsosh-astronomy--final--tasks--en--theory--archive.pdf,"source_variant:1, translated_version:2"
rg_0608,vsosh_astronomy,1995,regional,solutions,3,1995--vsosh-astronomy--regional--solutions--en--vos-reg-sol--archive-combined.pdf,source_variant:3
rg_0609,vsosh_astronomy,1996,final,solutions,3,1996--vsosh-astronomy--final--solutions--en--theory--archive-combined-v2.pdf,source_variant:3
rg_0610,vsosh_astronomy,1996,final,tasks,4,1996--vsosh-astronomy--final--tasks--ru--practical--archive.pdf,"source_variant:3, translated_version:3"
rg_0611,vsosh_astronomy,1997,final,solutions,4,1997--vsosh-astronomy--final--solutions--en--theory--archive-combined.pdf,"source_variant:3, translated_version:3"
rg_0612,vsosh_astronomy,1997,final,tasks,4,1997--vsosh-astronomy--final--tasks--en--theory--archive-v2.pdf,"source_variant:3, translated_version:3"
rg_0613,vsosh_astronomy,1998,final,solutions,4,1998--vsosh-astronomy--final--solutions--en--theory--archive-combined-v2.pdf,"source_variant:3, translated_version:3"
rg_0614,vsosh_astronomy,1998,final,tasks,5,1998--vsosh-astronomy--final--tasks--en--theory--archive-v2.pdf,source_variant:10
rg_0615,vsosh_astronomy,1999,final,solutions,3,1999--vsosh-astronomy--final--solutions--en--theory--archive-combined-v2.pdf,source_variant:3
rg_0616,vsosh_astronomy,1999,final,tasks,5,1999--vsosh-astronomy--final--tasks--en--practical--archive.pdf,"possible_duplicate:6, source_variant:4"
rg_0617,vsosh_astronomy,2000,final,tasks,5,2000--vsosh-astronomy--final--tasks--en--grade-10--practical--archive.pdf,"exact_duplicate:3, source_variant:7"
rg_0618,vsosh_astronomy,2001,final,solutions,4,2001--vsosh-astronomy--final--solutions--en--theory--archive-combined-v2.pdf,source_variant:6
rg_0619,vsosh_astronomy,2001,final,tasks,5,2001--vsosh-astronomy--final--tasks--ru--practical--archive.pdf,"source_variant:6, translated_version:4"
rg_0620,vsosh_astronomy,2002,final,solutions,8,2002--vsosh-astronomy--final--solutions--en--theory--archive-combined-v2.pdf,"partial_overlap:3, source_variant:25"
rg_0621,vsosh_astronomy,2002,final,tasks,8,2002--vsosh-astronomy--final--tasks--en--theory--archive-v4.pdf,"possible_duplicate:4, source_variant:24"
rg_0622,vsosh_astronomy,2003,final,solutions,5,2003--vsosh-astronomy--final--solutions--en--theory--archive-combined-v2.pdf,"partial_overlap:1, source_variant:9"
rg_0623,vsosh_astronomy,2003,final,tasks,7,2003--vsosh-astronomy--final--tasks--en--practical--archive.pdf,"possible_duplicate:2, source_variant:19"
rg_0624,vsosh_astronomy,2004,final,solutions,4,2004--vsosh-astronomy--final--solutions--en--theory--archive-combined-v2.pdf,source_variant:6
rg_0625,vsosh_astronomy,2004,final,tasks,5,2004--vsosh-astronomy--final--tasks--en--practical--archive.pdf,"exact_duplicate:1, source_variant:9"
rg_0626,vsosh_astronomy,2005,final,solutions,2,2005--vsosh-astronomy--final--solutions--ru--theory--archive-combined.pdf,partial_overlap:1
rg_0627,vsosh_astronomy,2005,final,tasks,6,2005--vsosh-astronomy--final--tasks--en--practical--archive.pdf,"possible_duplicate:3, source_variant:12"
rg_0628,vsosh_astronomy,2006,final,solutions,2,2006--vsosh-astronomy--final--solutions--ru--practical--archive-combined.pdf,source_variant:1
rg_0629,vsosh_astronomy,2006,final,tasks,6,2006--vsosh-astronomy--final--tasks--en--practical--archive-v3.pdf,"possible_duplicate:7, source_variant:8"
rg_0630,vsosh_astronomy,2006,regional,solutions,3,2006--vsosh-astronomy--regional--solutions--en--vos-reg-sol--archive-combined-v2.pdf,source_variant:3
rg_0631,vsosh_astronomy,2006,regional,tasks,3,2006--vsosh-astronomy--regional--tasks--en--vos-reg-prob--archive-v3.pdf,"possible_duplicate:1, source_variant:2"
rg_0632,vsosh_astronomy,2007,final,solutions,2,2007--vsosh-astronomy--final--solutions--ru--theory--archive-combined.pdf,source_variant:1
rg_0633,vsosh_astronomy,2007,final,tasks,6,2007--vsosh-astronomy--final--tasks--en--practical--archive-v3.pdf,"possible_duplicate:9, source_variant:6"
rg_0634,vsosh_astronomy,2007,regional,solutions,3,2007--vsosh-astronomy--regional--solutions--en--vos-reg-sol--archive-combined-v3.pdf,source_variant:3
rg_0635,vsosh_astronomy,2007,regional,tasks,3,2007--vsosh-astronomy--regional--tasks--en--vos-reg-prob--archive-v3.pdf,source_variant:3
rg_0636,vsosh_astronomy,2008,final,solutions,2,2008--vsosh-astronomy--final--solutions--ru--practical--archive-combined.pdf,source_variant:1
rg_0637,vsosh_astronomy,2008,final,tasks,6,2008--vsosh-astronomy--final--tasks--en--practical--archive.pdf,"possible_duplicate:10, source_variant:5"
rg_0638,vsosh_astronomy,2008,regional,solutions,3,2008--vsosh-astronomy--regional--solutions--en--vos-reg-sol--archive-combined-v3.pdf,source_variant:3
rg_0639,vsosh_astronomy,2009,final,solutions,2,2009--vsosh-astronomy--final--solutions--ru--practical--archive-combined.pdf,source_variant:1
rg_0640,vsosh_astronomy,2009,final,tasks,6,2009--vsosh-astronomy--final--tasks--en--practical--archive-v2.pdf,"possible_duplicate:9, source_variant:6"
rg_0641,vsosh_astronomy,2010,final,solutions,8,2010--vsosh-astronomy--final--solutions--ru--practical--archive-combined.pdf,"partial_overlap:12, source_variant:16"
rg_0642,vsosh_astronomy,2010,final,tasks,12,2010--vsosh-astronomy--final--tasks--en--practical--archive-v3.pdf,"possible_duplicate:12, source_variant:18, translated_version:36"
rg_0643,vsosh_astronomy,2010,regional,solutions,4,2010--vsosh-astronomy--regional--solutions--ru--vos-reg-sol--archive-combined.pdf,"partial_overlap:3, source_variant:3"
rg_0644,vsosh_astronomy,2010,regional,tasks,3,2010--vsosh-astronomy--regional--tasks--ru--grade-9--mirror.pdf,source_variant:3
rg_0645,vsosh_astronomy,2011,final,solutions,8,2011--vsosh-astronomy--final--solutions--ru--practical--archive-combined.pdf,"partial_overlap:16, source_variant:12"
rg_0646,vsosh_astronomy,2011,final,tasks,12,2011--vsosh-astronomy--final--tasks--en--practical--archive-v3.pdf,"possible_duplicate:20, source_variant:10, translated_version:36"
rg_0647,vsosh_astronomy,2011,regional,solutions,6,2011--vsosh-astronomy--regional--solutions--en--vos-reg-sol--archive-combined-v2.pdf,"source_variant:6, translated_version:9"
rg_0648,vsosh_astronomy,2011,regional,tasks,6,2011--vsosh-astronomy--regional--tasks--en--vos-reg-prob--archive-v2.pdf,"source_variant:6, translated_version:9"
rg_0649,vsosh_astronomy,2012,final,solutions,8,2012--vsosh-astronomy--final--solutions--ru--practical--archive-combined.pdf,"partial_overlap:17, source_variant:11"
rg_0650,vsosh_astronomy,2012,final,tasks,12,2012--vsosh-astronomy--final--tasks--en--practical--archive-v2.pdf,"possible_duplicate:20, source_variant:10, translated_version:36"
rg_0651,vsosh_astronomy,2012,regional,solutions,6,2012--vsosh-astronomy--regional--solutions--en--vos-reg-sol--archive-combined.pdf,"partial_overlap:1, source_variant:5, translated_version:9"
rg_0652,vsosh_astronomy,2012,regional,tasks,6,2012--vsosh-astronomy--regional--tasks--en--vos-reg-prob--archive.pdf,"possible_duplicate:2, source_variant:4, translated_version:9"
rg_0653,vsosh_astronomy,2013,final,solutions,8,2013--vsosh-astronomy--final--solutions--ru--practical--archive-combined.pdf,"partial_overlap:21, source_variant:7"
rg_0654,vsosh_astronomy,2013,final,tasks,12,2013--vsosh-astronomy--final--tasks--en--practical--archive-v3.pdf,"possible_duplicate:19, source_variant:11, translated_version:36"
rg_0655,vsosh_astronomy,2013,qualifying,solutions,4,2013--vsosh-astronomy--qualifying--solutions--ru--grade-11--municipal--mirror-combined.pdf,source_variant:6
rg_0656,vsosh_astronomy,2013,qualifying,tasks,4,2013--vsosh-astronomy--qualifying--tasks--ru--grade-9--municipal--mirror.pdf,source_variant:6
rg_0657,vsosh_astronomy,2013,regional,solutions,4,2013--vsosh-astronomy--regional--solutions--ru--vos-reg-sol--archive-combined.pdf,"partial_overlap:3, source_variant:3"
rg_0658,vsosh_astronomy,2013,regional,tasks,6,2013--vsosh-astronomy--regional--tasks--en--vos-reg-prob--archive-v2.pdf,"source_variant:6, translated_version:9"
rg_0659,vsosh_astronomy,2013,unknown,solutions,4,2013--vsosh-astronomy--unknown--solutions--ru--grade-7-8--school--mirror-combined.pdf,source_variant:6
rg_0660,vsosh_astronomy,2013,unknown,tasks,4,2013--vsosh-astronomy--unknown--tasks--ru--grade-11--school--mirror.pdf,source_variant:6
rg_0661,vsosh_astronomy,2014,final,solutions,2,2014--vsosh-astronomy--final--solutions--ru--practical--archive-combined.pdf,source_variant:1
rg_0662,vsosh_astronomy,2014,final,tasks,6,2014--vsosh-astronomy--final--tasks--en--practical--archive.pdf,"possible_duplicate:9, source_variant:6"
rg_0663,vsosh_astronomy,2014,qualifying,tasks,5,2014--vsosh-astronomy--qualifying--tasks--ru--grade-11--school--mirror.pdf,source_variant:10
rg_0664,vsosh_astronomy,2014,regional,solutions,6,2014--vsosh-astronomy--regional--solutions--en--vos-reg-sol--archive-combined.pdf,"exact_duplicate:3, source_variant:6, translated_version:6"
rg_0665,vsosh_astronomy,2014,regional,tasks,6,2014--vsosh-astronomy--regional--tasks--en--vos-reg-prob--archive-v2.pdf,"source_variant:6, translated_version:9"
rg_0666,vsosh_astronomy,2014,unknown,solutions,4,2014--vsosh-astronomy--unknown--solutions--ru--grade-11--mirror-combined.pdf,source_variant:6
rg_0667,vsosh_astronomy,2014,unknown,tasks,4,2014--vsosh-astronomy--unknown--tasks--ru--grade-9--mirror.pdf,source_variant:6
rg_0668,vsosh_astronomy,2015,final,solutions,8,2015--vsosh-astronomy--final--solutions--ru--practical--archive-combined.pdf,"partial_overlap:16, source_variant:12"
rg_0669,vsosh_astronomy,2015,final,tasks,12,2015--vsosh-astronomy--final--tasks--en--practical--archive-v2.pdf,"possible_duplicate:13, source_variant:17, translated_version:36"
rg_0670,vsosh_astronomy,2015,qualifying,solutions,3,2015--vsosh-astronomy--qualifying--solutions--ru--grade-10-11--school--mirror-combined.pdf,source_variant:3
rg_0671,vsosh_astronomy,2015,qualifying,tasks,3,2015--vsosh-astronomy--qualifying--tasks--ru--grade-8-9--school--mirror.pdf,source_variant:3
rg_0672,vsosh_astronomy,2015,regional,solutions,6,2015--vsosh-astronomy--regional--solutions--en--vos-reg-sol--archive-combined-v2.pdf,"exact_duplicate:3, source_variant:6, translated_version:6"
rg_0673,vsosh_astronomy,2015,regional,tasks,6,2015--vsosh-astronomy--regional--tasks--en--vos-reg-prob--archive-v3.pdf,"source_variant:6, translated_version:9"
rg_0674,vsosh_astronomy,2015,unknown,solutions,4,2015--vsosh-astronomy--unknown--solutions--ru--grade-7-8--mirror-combined.pdf,source_variant:6
rg_0675,vsosh_astronomy,2015,unknown,tasks,4,2015--vsosh-astronomy--unknown--tasks--ru--grade-10--mirror.pdf,source_variant:6
rg_0676,vsosh_astronomy,2016,final,solutions,10,2016--vsosh-astronomy--final--solutions--ru--practical--archive-combined.pdf,"partial_overlap:32, source_variant:13"
rg_0677,vsosh_astronomy,2016,final,tasks,18,2016--vsosh-astronomy--final--tasks--en--test--archive-v2.pdf,"possible_duplicate:52, source_variant:20, translated_version:81"
rg_0678,vsosh_astronomy,2016,qualifying,solutions,9,2016--vsosh-astronomy--qualifying--solutions--ru--grade-8-9--municipal--mirror-combined.pdf,"partial_overlap:10, source_variant:26"
rg_0679,vsosh_astronomy,2016,qualifying,tasks,9,2016--vsosh-astronomy--qualifying--tasks--ru--grade-8-9--municipal--mirror.pdf,"possible_duplicate:10, source_variant:26"
rg_0680,vsosh_astronomy,2016,regional,solutions,6,2016--vsosh-astronomy--regional--solutions--en--vos-reg-sol--archive-combined-v2.pdf,"exact_duplicate:3, source_variant:6, translated_version:6"
rg_0681,vsosh_astronomy,2016,regional,tasks,6,2016--vsosh-astronomy--regional--tasks--en--vos-reg-prob--archive.pdf,"possible_duplicate:1, source_variant:5, translated_version:9"
rg_0682,vsosh_astronomy,2017,final,solutions,12,2017--vsosh-astronomy--final--solutions--ru--practical--archive-combined.pdf,"partial_overlap:27, source_variant:39"
rg_0683,vsosh_astronomy,2017,final,tasks,18,2017--vsosh-astronomy--final--tasks--en--test--archive.pdf,"possible_duplicate:41, source_variant:31, translated_version:81"
rg_0684,vsosh_astronomy,2017,qualifying,solutions,8,2017--vsosh-astronomy--qualifying--solutions--ru--grade-8-9--school--mirror-combined.pdf,source_variant:28
rg_0685,vsosh_astronomy,2017,qualifying,tasks,11,2017--vsosh-astronomy--qualifying--tasks--ru--grade-7--municipal--mirror.pdf,"possible_duplicate:21, source_variant:34"
rg_0686,vsosh_astronomy,2017,regional,solutions,4,2017--vsosh-astronomy--regional--solutions--ru--vos-reg-sol--archive-combined.pdf,"partial_overlap:3, source_variant:3"
rg_0687,vsosh_astronomy,2017,regional,tasks,6,2017--vsosh-astronomy--regional--tasks--en--vos-reg-prob--archive-v2.pdf,"source_variant:6, translated_version:9"
rg_0688,vsosh_astronomy,2018,final,solutions,11,2018--vsosh-astronomy--final--solutions--ru--practical--archive-combined.pdf,"partial_overlap:36, source_variant:19"
rg_0689,vsosh_astronomy,2018,final,tasks,18,2018--vsosh-astronomy--final--tasks--en--practical--archive-v3.pdf,"possible_duplicate:50, source_variant:22, translated_version:81"
rg_0690,vsosh_astronomy,2018,qualifying,solutions,8,2018--vsosh-astronomy--qualifying--solutions--ru--grade-6-7--school--mirror-combined.pdf,source_variant:28
rg_0691,vsosh_astronomy,2018,qualifying,tasks,8,2018--vsosh-astronomy--qualifying--tasks--ru--grade-6-7--school--mirror.pdf,"possible_duplicate:4, source_variant:24"
rg_0692,vsosh_astronomy,2018,regional,solutions,4,2018--vsosh-astronomy--regional--solutions--ru--vos-reg-sol--archive-combined.pdf,"partial_overlap:3, source_variant:3"
rg_0693,vsosh_astronomy,2018,regional,tasks,6,2018--vsosh-astronomy--regional--tasks--en--vos-reg-prob--archive-v3.pdf,"source_variant:6, translated_version:9"
rg_0694,vsosh_astronomy,2019,final,solutions,16,2019--vsosh-astronomy--final--solutions--en--practical--archive-combined-v3.pdf,"partial_overlap:36, source_variant:24, translated_version:60"
rg_0695,vsosh_astronomy,2019,final,tasks,16,2019--vsosh-astronomy--final--tasks--en--practical--archive-v2.pdf,"exact_duplicate:1, possible_duplicate:27, source_variant:23, translated_version:60"
rg_0696,vsosh_astronomy,2019,qualifying,solutions,9,2019--vsosh-astronomy--qualifying--solutions--ru--grade-11--municipal--mirror-combined.pdf,source_variant:36
rg_0697,vsosh_astronomy,2019,qualifying,tasks,9,2019--vsosh-astronomy--qualifying--tasks--ru--grade-10--municipal--mirror.pdf,"possible_duplicate:20, source_variant:16"
rg_0698,vsosh_astronomy,2019,regional,solutions,4,2019--vsosh-astronomy--regional--solutions--ru--vos-reg-sol--archive-combined.pdf,"partial_overlap:3, source_variant:3"
rg_0699,vsosh_astronomy,2019,regional,tasks,6,2019--vsosh-astronomy--regional--tasks--en--vos-reg-prob--archive-v2.pdf,"source_variant:6, translated_version:9"
rg_0700,vsosh_astronomy,2020,qualifying,solutions,7,2020--vsosh-astronomy--qualifying--solutions--ru--grade-10-11--school--mirror-combined.pdf,"partial_overlap:4, source_variant:17"
rg_0701,vsosh_astronomy,2020,qualifying,tasks,7,2020--vsosh-astronomy--qualifying--tasks--ru--grade-10-11--school--mirror.pdf,source_variant:21
rg_0702,vsosh_astronomy,2020,regional,solutions,6,2020--vsosh-astronomy--regional--solutions--en--vos-reg-sol--archive-combined-v3.pdf,"exact_duplicate:3, source_variant:6, translated_version:6"
rg_0703,vsosh_astronomy,2020,regional,tasks,6,2020--vsosh-astronomy--regional--tasks--en--vos-reg-prob--archive.pdf,"source_variant:6, translated_version:9"
rg_0704,vsosh_astronomy,2021,final,solutions,9,2021--vsosh-astronomy--final--solutions--en--theory--archive-combined.pdf,"partial_overlap:5, source_variant:13, translated_version:18"
rg_0705,vsosh_astronomy,2021,final,tasks,5,2021--vsosh-astronomy--final--tasks--ru--grade-10-11--test--mirror.pdf,"possible_duplicate:1, source_variant:9"
rg_0706,vsosh_astronomy,2021,qualifying,solutions,12,2021--vsosh-astronomy--qualifying--solutions--ru--grade-11--municipal--mirror-combined.pdf,"partial_overlap:26, source_variant:40"
rg_0707,vsosh_astronomy,2021,qualifying,tasks,16,2021--vsosh-astronomy--qualifying--tasks--ru--grade-10--municipal--mirror-v2.pdf,"possible_duplicate:59, source_variant:61"
rg_0708,vsosh_astronomy,2021,regional,solutions,2,2021--vsosh-astronomy--regional--solutions--ru--vos-reg-sol--archive-combined.pdf,exact_duplicate:1
rg_0709,vsosh_astronomy,2021,regional,tasks,7,2021--vsosh-astronomy--regional--tasks--en--vos-reg-prob--archive-v2.pdf,"source_variant:9, translated_version:12"
rg_0710,vsosh_astronomy,2022,final,solutions,6,2022--vsosh-astronomy--final--solutions--en--theory--archive-combined-v2.pdf,"partial_overlap:2, source_variant:4, translated_version:9"
rg_0711,vsosh_astronomy,2022,final,tasks,9,2022--vsosh-astronomy--final--tasks--en--theory--archive-v2.pdf,"exact_duplicate:1, possible_duplicate:8, source_variant:9, translated_version:18"
rg_0712,vsosh_astronomy,2022,qualifying,solutions,12,2022--vsosh-astronomy--qualifying--solutions--ru--grade-9-10--invitational--mirror-combined.pdf,"partial_overlap:8, source_variant:58"
rg_0713,vsosh_astronomy,2022,qualifying,tasks,12,2022--vsosh-astronomy--qualifying--tasks--ru--grade-9-10--invitational--mirror.pdf,"possible_duplicate:11, source_variant:55"
rg_0714,vsosh_astronomy,2022,regional,solutions,3,2022--vsosh-astronomy--regional--solutions--ru--vos-reg-sol--archive-combined.pdf,"partial_overlap:2, source_variant:1"
rg_0715,vsosh_astronomy,2022,regional,tasks,8,2022--vsosh-astronomy--regional--tasks--en--vos-reg-prob--archive-v2.pdf,"exact_duplicate:3, source_variant:13, translated_version:12"
rg_0716,vsosh_astronomy,2023,final,solutions,15,2023--vsosh-astronomy--final--solutions--ru--test--archive-combined.pdf,"partial_overlap:15, source_variant:36, translated_version:54"
rg_0717,vsosh_astronomy,2023,final,tasks,16,2023--vsosh-astronomy--final--tasks--en--practical--archive-v3.pdf,"possible_duplicate:32, source_variant:24, translated_version:64"
rg_0718,vsosh_astronomy,2023,qualifying,solutions,13,2023--vsosh-astronomy--qualifying--solutions--ru--grade-8-9--school--mirror-combined.pdf,"partial_overlap:19, source_variant:59"
rg_0719,vsosh_astronomy,2023,qualifying,tasks,13,2023--vsosh-astronomy--qualifying--tasks--ru--grade-7-8--invitational--mirror.pdf,"possible_duplicate:27, source_variant:51"
rg_0720,vsosh_astronomy,2023,regional,reference_data,2,2023--vsosh-astronomy--regional--reference-data--ru--grade-9-11--reference-data--mirror.pdf,source_variant:1
rg_0721,vsosh_astronomy,2023,regional,solutions,8,2023--vsosh-astronomy--regional--solutions--en--vos-reg-sol--archive-combined.pdf,"partial_overlap:2, source_variant:11, translated_version:15"
rg_0722,vsosh_astronomy,2023,regional,tasks,8,2023--vsosh-astronomy--regional--tasks--en--vos-reg-prob--archive-v2.pdf,"exact_duplicate:3, source_variant:13, translated_version:12"
rg_0723,vsosh_astronomy,2024,final,solutions,16,2024--vsosh-astronomy--final--solutions--en--test--archive-combined.pdf,"partial_overlap:17, source_variant:39, translated_version:64"
rg_0724,vsosh_astronomy,2024,final,tasks,16,2024--vsosh-astronomy--final--tasks--en--test--archive.pdf,"possible_duplicate:31, source_variant:25, translated_version:64"
rg_0725,vsosh_astronomy,2024,qualifying,solutions,14,2024--vsosh-astronomy--qualifying--solutions--ru--grade-7-8--invitational--mirror-combined.pdf,"partial_overlap:1, source_variant:90"
rg_0726,vsosh_astronomy,2024,qualifying,tasks,14,2024--vsosh-astronomy--qualifying--tasks--ru--grade-7-8--invitational--mirror.pdf,"possible_duplicate:48, source_variant:43"
rg_0727,vsosh_astronomy,2024,regional,solutions,8,2024--vsosh-astronomy--regional--solutions--en--vos-reg-sol--archive-combined-v2.pdf,"source_variant:13, translated_version:15"
rg_0728,vsosh_astronomy,2024,regional,tasks,8,2024--vsosh-astronomy--regional--tasks--en--vos-reg-prob--archive-v2.pdf,"possible_duplicate:1, source_variant:12, translated_version:15"
rg_0729,vsosh_astronomy,2025,final,solutions,14,2025--vsosh-astronomy--final--solutions--ru--test--archive-combined.pdf,"exact_duplicate:6, partial_overlap:33, source_variant:10, translated_version:42"
rg_0730,vsosh_astronomy,2025,final,tasks,14,2025--vsosh-astronomy--final--tasks--ru--test--archive.pdf,"possible_duplicate:23, source_variant:14, translated_version:48"
rg_0731,vsosh_astronomy,2025,qualifying,solutions,14,2025--vsosh-astronomy--qualifying--solutions--ru--grade-11--municipal--mirror-combined.pdf,"partial_overlap:48, source_variant:43"
rg_0732,vsosh_astronomy,2025,qualifying,tasks,14,2025--vsosh-astronomy--qualifying--tasks--ru--grade-11--municipal--mirror.pdf,"possible_duplicate:42, source_variant:49"
rg_0733,vsosh_astronomy,2025,regional,solutions,8,2025--vsosh-astronomy--regional--solutions--en--vos-reg-sol--archive-combined.pdf,"partial_overlap:1, source_variant:12, translated_version:15"
rg_0734,vsosh_astronomy,2025,regional,tasks,8,2025--vsosh-astronomy--regional--tasks--en--vos-reg-prob--archive-v3.pdf,"source_variant:13, translated_version:15"
rg_0735,vsosh_astronomy,2026,final,solutions,18,2026--vsosh-astronomy--final--solutions--en--test--archive-combined-v3.pdf,"partial_overlap:35, source_variant:37, translated_version:81"
rg_0736,vsosh_astronomy,2026,final,tasks,18,2026--vsosh-astronomy--final--tasks--en--test--archive-v3.pdf,"exact_duplicate:8, possible_duplicate:49, source_variant:23, translated_version:73"
rg_0737,vsosh_astronomy,2026,qualifying,solutions,15,2026--vsosh-astronomy--qualifying--solutions--ru--grade-4--invitational--mirror-combined.pdf,"partial_overlap:33, source_variant:72"
rg_0738,vsosh_astronomy,2026,qualifying,tasks,15,2026--vsosh-astronomy--qualifying--tasks--ru--grade-8--school--mirror.pdf,"possible_duplicate:19, source_variant:86"
rg_0739,vsosh_astronomy,2026,regional,solutions,9,2026--vsosh-astronomy--regional--solutions--en--day-2--archive-combined-v3.pdf,"partial_overlap:9, source_variant:9, translated_version:18"
rg_0740,vsosh_astronomy,2026,regional,tasks,9,2026--vsosh-astronomy--regional--tasks--en--day-2--archive-v3.pdf,"possible_duplicate:10, source_variant:8, translated_version:18"
